Date,Date,ABBV Open,ABBV High,ABBV Low,ABBV Close,ABBV Adj Close,ABBV Volume,ALKS Open,ALKS High,ALKS Low,ALKS Close,ALKS Adj Close,ALKS Volume,GSK Open,GSK High,GSK Low,GSK Close,GSK Adj Close,GSK Volume,LLY Open,LLY High,LLY Low,LLY Close,LLY Adj Close,LLY Volume,PFE Open,PFE High,PFE Low,PFE Close,PFE Adj Close,PFE Volume,SNY Open,SNY High,SNY Low,SNY Close,SNY Adj Close,SNY Volume
0,2022-08-09,140.679993,142.240005,139.880005,140.25,134.782043,3819700,25.809999,26.1,25.440001,25.6,25.6,2248900,40.209999,40.330002,39.950001,40.029999,38.450958,6337100,305.089996,306.700012,301.299988,303.019989,299.443573,2122900,49.75,50.110001,49.52,49.779999,47.851295,12095600,48.790001,48.950001,48.599998,48.66,46.896526,2725800
1,2022-08-10,140.910004,141.059998,139.0,140.940002,135.445129,4075300,25.75,25.780001,25.43,25.65,25.65,1189000,39.169998,39.330002,37.779999,38.299999,36.789192,15665300,304.5,307.130005,302.589996,304.609985,301.014771,2351000,49.93,50.049999,49.380001,49.950001,48.014702,17355100,46.860001,46.93,43.200001,45.200001,43.56192,9931900
2,2022-08-11,140.229996,142.869995,139.660004,142.080002,136.54068,5972800,25.629999,25.76,25.24,25.469999,25.469999,1118000,34.98,35.990002,34.5,35.73,34.320576,35389900,301.029999,305.420013,299.630005,301.170013,297.615417,2198800,48.220001,49.130001,47.810001,48.290001,46.419022,44048800,42.02,44.27,41.98,43.419998,41.846428,21753500
3,2022-08-12,141.889999,143.089996,140.270004,142.600006,137.040405,5208700,25.469999,26.16,25.33,26.15,26.15,1299500,35.990002,36.150002,35.259998,36.029999,34.608738,11969300,302.920013,308.48999,301.299988,308.079987,305.437714,2305100,48.549999,50.389999,48.549999,50.110001,48.168507,25835500,43.970001,44.59,43.73,44.369999,42.762001,4732300
4,2022-08-15,143.110001,143.279999,140.419998,142.289993,136.742508,4513200,25.959999,26.82,25.959999,26.6,26.6,1605800,34.529999,35.23,34.419998,34.950001,33.571342,15402900,309.209991,314.609985,307.309998,313.940002,311.247498,2795800,49.970001,50.07,49.389999,49.75,47.822449,15797800,43.720001,44.099998,43.130001,43.830002,42.241573,3066400
5,2022-08-16,142.110001,143.979996,142.080002,142.550003,136.992386,3852300,26.42,26.799999,26.040001,26.450001,26.450001,1021600,35.029999,35.540001,34.860001,35.259998,33.869114,11687500,313.929993,314.369995,309.630005,310.309998,307.64859,2248000,49.380001,50.18,49.360001,49.860001,47.928196,12874800,43.68,44.889999,43.439999,44.810001,43.186054,3766500
6,2022-08-17,141.419998,142.759995,140.550003,141.440002,135.925644,3605200,26.23,26.42,25.530001,25.610001,25.610001,956100,34.580002,34.93,34.25,34.700001,33.331203,11519100,310.01001,320.600006,310.01001,316.820007,314.102783,2747200,49.650002,49.860001,49.25,49.27,47.36105,13607200,42.18,42.619999,41.290001,42.18,40.651367,11000000
7,2022-08-18,141.490005,141.580002,139.820007,141.289993,135.781464,3525200,25.719999,25.780001,25.120001,25.24,25.24,1352100,34.59,34.599998,33.889999,34.25,33.273888,6992100,316.75,318.959991,314.200012,316.720001,314.003632,2261600,49.389999,49.52,48.380001,48.580002,46.697784,18916300,41.5,41.540001,40.919998,41.189999,39.697243,4301900
8,2022-08-19,141.779999,143.360001,141.460007,141.850006,136.319672,4530700,25.24,25.49,25.07,25.26,25.26,1310700,34.279999,34.490002,34.040001,34.060001,33.089302,4888900,317.51001,325.75,317.5,322.769989,320.00174,3393100,48.84,49.450001,48.73,49.150002,47.245701,15350200,40.970001,41.540001,40.900002,41.27,39.774345,4010100
9,2022-08-22,141.970001,142.660004,139.960007,140.339996,134.868515,4023500,25.25,25.440001,24.92,24.99,24.99,833000,34.02,34.25,33.939999,34.049999,33.079586,5461900,322.279999,325.769989,320.390015,323.100006,320.328918,2488000,49.209999,49.400002,48.740002,48.900002,47.005386,13601200,41.220001,41.34,40.73,40.959999,39.475578,4438000
10,2022-08-23,139.649994,140.850006,138.449997,139.020004,133.599991,3768100,24.879999,25.110001,24.51,24.91,24.91,872400,33.75,33.849998,33.529999,33.73,32.768707,6075100,321.23999,321.839996,313.869995,315.100006,312.397552,2962000,48.419998,48.52,47.759998,48.009998,46.149868,16248900,40.98,41.099998,40.580002,40.720001,39.244282,2298600
11,2022-08-24,139.050003,139.460007,137.699997,137.910004,132.533279,5018900,24.99,25.34,24.82,25.209999,25.209999,616800,33.299999,33.630001,33.169998,33.529999,32.574406,5800600,316.470001,320.859985,315.220001,318.869995,316.135193,1827000,47.900002,48.009998,47.380001,47.43,45.592342,15551500,40.369999,40.599998,40.200001,40.580002,39.109356,2608500
12,2022-08-25,138.770004,139.559998,137.669998,139.330002,133.897919,3301200,25.389999,25.639999,24.9,24.940001,24.940001,1017500,33.529999,33.740002,33.259998,33.73,32.768707,6393300,320.600006,323.369995,315.829987,323.140015,320.368591,1977900,47.52,47.950001,47.27,47.900002,46.044132,14460000,40.119999,40.529999,39.849998,40.490002,39.022617,3473200
13,2022-08-26,138.889999,139.850006,136.25,136.350006,131.034088,3838800,25.0,25.059999,24.52,24.540001,24.540001,1171700,33.779999,34.060001,33.099998,33.189999,32.244095,8173600,323.589996,324.589996,315.269989,315.559998,312.853577,1858000,47.619999,47.959999,46.700001,46.82,45.005974,16546700,41.560001,41.639999,40.68,40.82,39.340656,5433700
14,2022-08-29,136.199997,136.720001,134.759995,135.710007,130.419052,3835800,24.43,24.540001,24.1,24.120001,24.120001,881700,33.080002,33.23,32.98,33.110001,32.166378,3794600,313.339996,314.869995,309.679993,310.149994,307.48996,1697000,46.380001,46.689999,46.119999,46.23,44.438831,13400500,41.02,41.09,40.66,40.700001,39.225006,2937900
15,2022-08-30,135.139999,136.490005,134.889999,135.550003,130.265274,4337100,24.24,24.280001,23.780001,24.25,24.25,1628200,33.23,33.290001,32.919998,32.959999,32.020653,3994500,310.140015,311.970001,306.01001,307.040009,304.406647,1980300,46.34,46.349998,45.799999,45.849998,44.073555,16303000,41.189999,41.630001,41.110001,41.240002,39.745434,2406500
16,2022-08-31,135.690002,136.039993,134.169998,134.460007,129.217773,5789600,24.459999,24.540001,23.639999,23.67,23.67,1800100,32.790001,32.880001,32.459999,32.48,31.554331,4291800,307.140015,308.820007,301.109985,301.230011,298.646484,3183500,46.009998,46.290001,45.130001,45.23,43.477573,26416800,41.610001,41.77,41.029999,41.029999,39.543041,1729900
17,2022-09-01,134.639999,138.589996,134.100006,138.449997,133.052231,4521000,23.639999,24.389999,23.41,24.360001,24.360001,1369000,31.83,31.99,31.610001,31.690001,30.786848,12390900,301.0,309.410004,300.5,309.130005,306.47876,2939200,45.139999,46.650002,45.139999,46.630001,44.823338,19947600,40.380001,40.560001,40.139999,40.400002,38.935879,2002600
18,2022-09-02,138.660004,139.399994,135.809998,136.279999,130.966827,3601600,24.549999,25.02,24.389999,24.51,24.51,1205400,31.6,31.969999,31.469999,31.85,30.942287,8153500,310.109985,310.220001,299.76001,301.329987,298.745636,2525400,46.740002,46.799999,45.529999,45.700001,43.929367,14667700,40.459999,40.919998,40.029999,40.080002,38.627476,1809800
19,2022-09-06,137.300003,139.350006,136.240005,137.589996,132.225739,4810600,24.549999,24.549999,23.799999,23.950001,23.950001,945600,31.65,31.76,31.370001,31.469999,30.573116,5613900,302.950012,312.829987,302.230011,306.820007,304.188538,2322200,45.959999,46.439999,45.529999,45.759998,43.987045,17153500,39.860001,40.009998,39.490002,39.59,38.155231,2419100
20,2022-09-07,137.550003,139.039993,135.339996,138.710007,133.302094,4141700,23.889999,24.209999,23.85,24.139999,24.139999,1481100,31.209999,31.59,31.16,31.49,30.592546,4822000,308.769989,312.399994,304.880005,311.600006,308.927551,2228100,45.700001,46.209999,45.380001,46.130001,44.342709,15378900,39.93,40.59,39.880001,40.470001,39.003342,2540700
21,2022-09-08,139.639999,140.570007,138.649994,140.520004,135.041519,3988300,24.02,24.299999,23.58,24.059999,24.059999,1371100,30.91,31.540001,30.83,31.51,30.611979,6620900,311.950012,315.730011,307.589996,315.5,312.794098,2212500,46.02,47.119999,45.869999,47.080002,45.255901,18271000,39.849998,40.310001,39.66,40.080002,38.627476,2086300
22,2022-09-09,140.399994,142.169998,140.100006,141.419998,135.906403,4427000,24.09,24.24,23.9,24.01,24.01,885000,31.950001,31.969999,31.73,31.889999,30.981148,3556800,316.450012,320.170013,315.220001,317.700012,314.97525,2177000,47.200001,47.990002,47.099998,47.84,45.986458,17501700,40.779999,40.959999,40.59,40.799999,39.321381,1138100
23,2022-09-12,141.009995,142.869995,140.320007,142.240005,136.694473,4938400,24.0,24.49,24.0,24.219999,24.219999,888300,32.349998,32.889999,32.32,32.450001,31.525188,7797600,318.890015,320.450012,314.880005,315.220001,312.51651,2077400,48.080002,48.349998,47.689999,47.759998,45.909554,13744800,41.279999,41.75,41.27,41.490002,39.986374,1396300
24,2022-09-13,140.550003,141.929993,137.490005,138.529999,133.129105,6195900,24.16,24.27,23.48,23.610001,23.610001,1225700,32.0,32.099998,31.610001,31.629999,30.728556,5225500,310.01001,312.309998,304.98999,306.480011,303.851471,2272400,47.130001,47.32,46.02,46.189999,44.400383,16603200,40.93,41.0,40.459999,40.529999,39.061165,1451000
25,2022-09-14,139.169998,140.440002,138.270004,139.550003,134.109329,4673600,23.620001,23.950001,23.469999,23.76,23.76,1107200,31.440001,31.57,31.049999,31.200001,30.310812,5313700,307.209991,311.809998,305.899994,309.609985,306.95459,2002900,46.200001,46.41,45.779999,46.150002,44.361931,17162500,40.360001,40.540001,39.880001,40.049999,38.59856,1782900
26,2022-09-15,139.990005,143.899994,139.389999,142.509995,136.953918,6416900,23.74,23.93,23.52,23.77,23.77,591100,31.1,31.389999,30.950001,31.02,30.135942,7691000,309.709991,312.279999,305.75,309.470001,306.815826,2348100,46.110001,46.290001,45.700001,45.939999,44.160069,15802000,40.52,40.860001,40.470001,40.669998,39.196091,2210000
27,2022-09-16,143.399994,144.850006,141.360001,144.059998,138.443497,13887500,23.77,23.799999,22.98,23.370001,23.370001,2123500,30.76,30.969999,30.49,30.83,29.951357,9666000,307.970001,311.959991,306.73999,308.890015,306.240814,4380200,46.09,46.619999,45.639999,46.029999,44.246582,30629500,40.310001,41.07,40.310001,40.82,39.340656,1601700
28,2022-09-19,143.639999,143.860001,141.429993,142.660004,137.098083,5042500,23.200001,23.41,22.690001,22.9,22.9,1626200,30.66,30.860001,30.530001,30.780001,29.902782,5832800,306.480011,306.519989,297.649994,305.089996,302.473389,2515300,45.68,45.880001,44.779999,45.439999,43.67944,16256200,40.32,40.639999,40.060001,40.59,39.118992,1764500
29,2022-09-20,141.820007,142.490005,140.369995,141.770004,136.242783,4532900,22.74,23.33,22.32,23.26,23.26,1291500,30.559999,30.620001,30.26,30.49,29.621046,5313900,303.820007,303.820007,298.940002,301.730011,299.142212,1816800,45.0,45.27,44.439999,44.77,43.035404,15369000,39.860001,40.200001,39.689999,39.939999,38.492546,1365200
30,2022-09-21,142.149994,143.630005,140.289993,140.309998,134.839691,5076100,23.280001,23.33,22.4,22.43,22.43,836500,30.34,30.360001,29.73,29.77,28.921568,6286700,301.0,304.529999,296.320007,296.480011,293.937225,2241200,44.810001,44.98,43.900002,43.919998,42.218334,17505200,39.439999,39.439999,38.66,38.759998,37.355309,2316500
31,2022-09-22,140.210007,144.460007,140.0,143.009995,137.434433,6161000,22.43,22.639999,22.07,22.469999,22.469999,602000,29.559999,30.16,29.540001,30.01,29.154728,7544500,300.799988,312.609985,299.959991,310.869995,308.203796,5918300,43.669998,45.0,43.52,44.57,42.843151,18508100,39.049999,39.25,38.700001,39.130001,37.711903,3009600
32,2022-09-23,142.070007,143.419998,140.949997,143.059998,137.482483,5751600,22.370001,22.450001,21.959999,22.32,22.32,1112700,29.450001,29.629999,29.09,29.360001,28.523251,9076300,311.869995,315.179993,305.119995,311.459991,308.788757,4572600,44.439999,44.560001,43.580002,44.080002,42.372139,18871700,38.389999,38.82,38.009998,38.400002,37.008358,3399900
33,2022-09-26,142.080002,142.800003,140.110001,141.210007,135.704605,5697800,22.32,22.52,21.950001,22.0,22.0,1028300,29.059999,29.27,28.469999,28.82,27.99864,12328900,308.799988,311.730011,304.880005,307.5,304.862732,3760000,43.810001,44.330002,43.669998,43.830002,42.131824,18680200,37.5,37.630001,36.91,37.25,35.900036,6805600
34,2022-09-27,142.589996,145.539993,141.289993,141.720001,136.194717,5598000,22.15,22.379999,21.809999,22.02,22.02,972500,29.200001,29.379999,28.6,28.66,27.843201,6661800,309.149994,313.950012,308.320007,311.100006,308.431824,3019600,44.220001,44.580002,43.740002,44.09,42.381752,21562700,37.470001,37.650002,37.07,37.220001,35.871124,6158300
35,2022-09-28,144.220001,145.320007,142.619995,144.600006,138.962448,5226700,22.4,22.99,22.209999,22.93,22.93,2131500,28.98,29.6,28.780001,29.459999,28.620399,8868400,333.529999,341.700012,328.100006,334.380005,331.512177,9436300,44.669998,44.810001,44.220001,44.43,42.708576,16532600,37.779999,38.25,37.599998,38.169998,36.78669,4724400
36,2022-09-29,144.850006,145.25,141.830002,142.720001,137.155731,5509400,22.879999,22.969999,22.32,22.459999,22.459999,1259600,29.42,29.58,29.07,29.360001,28.523251,7719000,333.970001,334.679993,327.269989,330.01001,327.179688,3743100,44.41,44.619999,43.950001,44.16,42.449036,13559900,37.810001,38.349998,37.529999,38.0,36.622852,7098400
37,2022-09-30,142.199997,142.320007,134.089996,134.210007,128.977539,15359000,22.51,22.74,22.280001,22.33,22.33,1922500,29.459999,29.700001,29.379999,29.43,28.591257,6652400,327.149994,329.51001,322.420013,323.350006,320.576782,4474100,44.169998,44.610001,43.73,43.759998,42.064533,22962300,38.240002,38.580002,38.009998,38.02,36.642128,2929400
38,2022-10-03,135.880005,138.800003,135.309998,138.320007,132.927292,7437500,22.66,23.219999,22.34,22.950001,22.950001,2010900,29.9,30.41,29.76,30.25,29.387886,6139600,325.98999,329.350006,317.049988,321.549988,318.792206,3340500,44.07,44.279999,43.490002,44.139999,42.429813,22834300,38.700001,39.23,38.490002,39.189999,37.769726,2732100
39,2022-10-04,139.210007,142.720001,137.759995,141.990005,136.454193,6612300,22.83,23.32,22.73,23.01,23.01,1711400,30.73,31.01,30.57,30.709999,29.834776,7889200,322.179993,330.100006,321.779999,329.890015,327.060699,2622500,44.25,44.84,44.09,44.459999,42.737408,28198800,39.720001,40.189999,39.509998,40.119999,38.666023,3044400
40,2022-10-05,141.470001,144.470001,141.110001,143.330002,137.741959,4777900,22.799999,23.379999,22.700001,23.129999,23.129999,1349400,30.209999,30.59,30.17,30.41,29.543327,5803800,328.299988,333.850006,327.519989,331.779999,328.934448,2186100,44.119999,44.369999,43.68,44.119999,42.410583,15673400,39.57,40.02,39.459999,39.82,38.376896,3000500
41,2022-10-06,142.789993,142.990005,139.899994,140.289993,134.820465,5124800,23.02,23.02,22.6,22.809999,22.809999,1858000,30.030001,30.190001,29.84,30.0,29.14501,6232000,327.940002,339.26001,326.869995,332.950012,330.094452,4299200,43.759998,43.779999,43.040001,43.09,41.42049,22068200,38.98,39.119999,38.689999,38.900002,37.490238,4376100
42,2022-10-07,139.009995,140.050003,137.550003,138.759995,133.350113,4648800,22.65,22.780001,22.1,22.129999,22.129999,1968200,30.190001,30.42,30.040001,30.110001,29.251877,5487200,332.970001,333.070007,324.899994,326.660004,323.858368,2601600,43.049999,43.049999,41.919998,42.32,40.680325,20095000,39.18,39.400002,38.810001,38.860001,37.451687,2697200
43,2022-10-10,139.029999,139.589996,136.869995,138.309998,132.917648,3830800,22.25,22.379999,21.92,21.940001,21.940001,1770800,30.1,30.290001,30.02,30.190001,29.329597,4554500,326.230011,327.01001,320.23999,323.890015,321.112152,1956200,42.349998,42.619999,41.75,41.75,40.132412,17888000,38.82,39.259998,38.68,39.099998,37.682987,2410400
44,2022-10-11,138.020004,143.679993,138.020004,141.509995,135.99292,5675100,21.969999,22.610001,21.75,22.6,22.6,2904600,30.440001,31.07,30.34,30.43,29.562757,5941800,320.0,329.029999,319.429993,327.600006,324.790344,2598900,41.66,42.57,41.450001,41.919998,40.295822,20981200,39.259998,40.259998,39.189999,39.689999,38.251606,3610600
45,2022-10-12,141.639999,143.059998,139.929993,139.979996,134.522568,4528000,22.6,22.780001,21.93,22.18,22.18,1435600,30.43,30.639999,30.32,30.370001,29.504467,6058300,327.380005,333.649994,323.880005,324.570007,321.786316,1764700,42.09,43.139999,41.919998,42.029999,40.401562,18803600,39.48,39.790001,39.240002,39.240002,37.817917,1584700
46,2022-10-13,136.699997,143.179993,136.270004,142.919998,138.745514,5066200,21.959999,22.93,21.92,22.719999,22.719999,2032400,29.98,30.860001,29.76,30.65,29.776487,6199500,319.119995,333.369995,319.100006,332.100006,329.25174,2657400,41.759998,43.16,41.700001,42.98,41.314754,23135200,38.82,40.040001,38.799999,39.919998,38.47327,1178800
47,2022-10-14,142.600006,144.479996,142.210007,142.940002,138.764938,5290500,23.23,23.48,22.549999,22.620001,22.620001,2071700,30.83,31.040001,30.6,30.709999,29.834776,5553200,331.559998,335.290009,328.230011,331.390015,328.547852,2231400,42.889999,43.380001,42.360001,42.860001,41.199406,16980500,40.0,40.189999,39.48,39.580002,38.145596,4564300
48,2022-10-17,142.649994,144.929993,142.100006,144.410004,140.192001,4016200,22.709999,23.26,22.690001,23.120001,23.120001,1955300,31.370001,31.58,31.209999,31.299999,30.407961,5061700,332.790009,337.579987,331.75,332.76001,329.906067,2230000,43.189999,43.810001,43.189999,43.650002,41.958801,16678400,40.18,40.560001,40.09,40.439999,38.974426,2013300
49,2022-10-18,145.229996,145.869995,143.529999,144.600006,140.37645,3540400,23.26,23.57,22.790001,22.870001,22.870001,1748600,31.280001,31.35,31.059999,31.25,30.359386,4094500,334.140015,335.329987,330.369995,335.029999,332.156616,2087100,44.049999,44.360001,43.619999,44.09,42.381752,18442800,40.59,40.59,39.849998,40.049999,38.59856,3388400
50,2022-10-19,144.800003,145.449997,142.309998,143.130005,138.949371,3333300,22.700001,22.780001,22.309999,22.379999,22.379999,2113800,31.549999,31.620001,31.1,31.309999,30.417677,6404400,335.25,335.630005,325.970001,329.290009,326.465851,2419000,43.91,44.07,42.740002,43.110001,41.43972,23054700,40.02,40.119999,39.490002,39.639999,38.203419,6799900
51,2022-10-20,143.160004,144.039993,142.429993,142.929993,138.755219,3880100,22.379999,22.629999,21.860001,21.99,21.99,2366100,31.18,31.379999,30.93,31.059999,30.174801,4433500,331.149994,331.440002,325.899994,329.070007,326.247742,1761200,43.27,43.41,42.82,42.91,41.247471,17715000,39.529999,39.82,39.48,39.630001,38.193783,4224800
52,2022-10-21,143.339996,147.759995,142.429993,147.059998,142.764572,5419400,22.08,22.32,21.76,22.26,22.26,3050200,31.190001,32.029999,31.1,31.870001,30.961718,7179500,329.070007,342.429993,326.769989,340.769989,337.847382,3274700,43.310001,45.16,42.990002,44.950001,43.208427,36575700,39.669998,40.580002,39.52,40.439999,38.974426,2015200
53,2022-10-24,148.710007,151.529999,148.699997,150.889999,146.482712,5139700,22.280001,22.5,22.059999,22.27,22.27,1752900,31.639999,32.009998,31.58,31.76,30.854853,5601500,344.220001,351.769989,344.220001,347.899994,344.916199,3375900,45.080002,45.869999,44.990002,45.540001,43.77557,24972000,40.490002,40.900002,40.360001,40.82,39.340656,2808400
54,2022-10-25,148.029999,150.600006,147.289993,149.820007,145.443985,5229400,22.290001,23.200001,22.25,23.08,23.08,2957900,31.940001,32.310001,31.93,32.240002,31.321173,3578100,346.519989,352.329987,343.049988,351.309998,348.296967,2513100,45.27,45.82,44.889999,45.59,43.823631,23127000,40.759998,41.34,40.720001,41.279999,39.783981,2400900
55,2022-10-26,151.009995,152.889999,150.699997,152.509995,148.055389,4727900,22.98,23.110001,22.5,22.66,22.66,1996500,32.419998,32.889999,32.41,32.689999,31.758347,6537700,352.5,361.480011,350.440002,357.859985,354.790802,2373500,45.919998,46.650002,45.619999,46.060001,44.275425,21407900,41.560001,42.139999,41.560001,41.849998,40.333324,2333200
56,2022-10-27,153.759995,153.990005,152.059998,153.5,149.016479,6850400,22.959999,23.280001,22.66,22.74,22.74,2359900,32.650002,32.810001,32.529999,32.720001,31.787493,6020300,358.98999,361.119995,355.320007,356.329987,353.273895,2347600,45.810001,46.110001,45.68,45.740002,43.967823,20377700,41.82,42.049999,41.540001,41.580002,40.073112,3560400
57,2022-10-28,145.929993,148.979996,142.339996,147.610001,143.298508,10812200,22.82,23.360001,22.49,23.33,23.33,2079200,33.009998,33.439999,32.91,33.27,32.321815,7602300,360.320007,362.0,357.040009,359.899994,356.813324,2942100,45.98,47.52,45.93,47.43,45.592342,27854000,42.740002,43.220001,42.610001,43.049999,41.489838,3167600
58,2022-10-31,145.169998,146.779999,144.080002,146.399994,142.123856,8604800,23.32,23.32,22.58,22.700001,22.700001,1875200,33.139999,33.470001,33.07,33.169998,32.224667,8704100,358.649994,363.920013,350.459991,362.089996,358.984497,4258200,47.080002,47.389999,46.540001,46.549999,44.746433,29961700,43.029999,43.57,43.009998,43.23,41.663315,4972400
59,2022-11-01,146.660004,147.699997,144.550003,146.910004,142.618973,6351200,22.790001,23.360001,22.6,23.25,23.25,1687400,33.740002,33.869999,33.34,33.459999,32.506401,7927900,345.829987,358.98999,340.75,352.579987,349.556061,7013000,48.0,48.419998,47.400002,48.009998,46.149868,30614500,43.240002,43.25,42.66,42.990002,41.432014,1898200
60,2022-11-02,147.029999,148.080002,144.479996,144.520004,140.298782,5345000,23.75,24.98,22.709999,24.059999,24.059999,4174000,34.099998,34.099998,33.09,33.119999,32.17609,7005900,354.160004,363.149994,350.209991,354.959991,351.91568,3774400,47.77,48.169998,46.950001,47.07,45.246288,25813100,43.43,43.650002,42.889999,42.939999,41.383823,3063900
61,2022-11-03,144.0,145.419998,143.029999,144.419998,140.201706,3850700,24.83,25.360001,24.110001,24.139999,24.139999,2474200,32.669998,32.98,32.52,32.84,31.904072,5478800,354.059998,362.829987,351.51001,361.679993,358.578033,2602500,46.360001,46.799999,46.16,46.57,45.149338,20124600,42.369999,43.009998,42.34,42.84,41.287449,2513700
62,2022-11-04,145.350006,145.580002,143.080002,145.279999,141.036575,4623700,23.82,24.4,23.450001,23.98,23.98,2056500,33.25,33.259998,32.700001,32.990002,32.049797,5385900,365.200012,365.880005,353.339996,357.410004,354.344666,3004600,47.470001,47.540001,46.610001,47.220001,45.779514,24528500,43.439999,43.75,43.02,43.619999,42.039181,1618400
63,2022-11-07,145.279999,148.800003,144.699997,148.100006,143.774216,4304000,23.879999,24.16,23.280001,23.32,23.32,2249600,31.969999,32.200001,31.67,31.940001,31.029722,8028400,358.0,367.0,357.5,365.070007,361.938965,2560300,47.16,47.650002,46.75,47.09,45.653477,20304400,43.110001,43.639999,43.0,43.450001,41.875343,2537600
64,2022-11-08,148.830002,151.630005,147.960007,148.529999,144.19165,4637500,23.299999,24.120001,23.16,23.190001,23.190001,1716600,32.110001,32.490002,32.0,32.220001,31.301743,6438700,365.149994,368.75,361.929993,366.660004,363.51532,3278600,47.040001,47.75,46.75,47.349998,45.905544,18054500,43.099998,43.82,43.049999,43.439999,41.865704,1719400
65,2022-11-09,148.589996,150.570007,147.039993,147.619995,143.308228,4573700,23.110001,24.15,23.110001,23.68,23.68,1455900,32.240002,32.650002,32.200001,32.419998,31.496038,5991700,368.440002,369.799988,361.910004,363.269989,360.154388,2323700,47.16,47.5,46.700001,46.720001,45.294765,15348100,43.439999,43.740002,43.279999,43.34,41.769329,1441900
66,2022-11-10,150.660004,150.660004,147.75,149.720001,145.346893,5607700,24.27,24.559999,23.73,24.290001,24.290001,1894900,33.259998,33.5,32.93,33.470001,32.516117,4680900,367.23999,369.0,363.0,368.720001,365.557678,2994000,47.529999,47.75,46.849998,47.380001,45.934631,20480600,44.669998,44.709999,43.799999,44.310001,42.704178,2140800
67,2022-11-11,149.539993,150.520004,145.75,150.160004,145.774048,6786400,24.280001,24.280001,22.99,23.59,23.59,1780000,31.809999,31.9,31.219999,31.58,30.679981,13085500,366.160004,367.829987,344.519989,352.299988,349.278503,6646300,47.07,47.700001,46.310001,47.599998,46.147915,20909800,43.119999,43.209999,42.23,42.799999,41.248898,5337100
68,2022-11-14,150.979996,154.539993,150.979996,151.740005,147.307892,7077100,23.68,23.809999,22.76,22.790001,22.790001,1794800,32.48,32.939999,32.43,32.540001,31.612621,7709700,359.070007,360.799988,340.119995,356.059998,353.990936,4717400,47.990002,49.82,47.93,49.240002,47.737888,26143000,43.369999,43.68,43.200001,43.209999,41.644039,3003500
69,2022-11-15,153.389999,153.419998,149.960007,153.039993,148.569901,5909500,23.110001,23.129999,22.4,22.58,22.58,1840300,32.639999,32.709999,32.07,32.290001,31.369747,5492700,356.940002,356.98999,346.359985,349.950012,347.916443,4180700,49.34,49.529999,48.18,48.57,47.088326,25440500,44.040001,44.139999,43.060001,43.549999,41.971718,3246000
70,2022-11-16,153.440002,156.690002,151.229996,151.869995,147.434082,7358700,22.6,22.66,22.09,22.379999,22.379999,1198500,33.16,33.25,32.77,32.91,31.972076,5308800,350.0,356.880005,349.959991,352.929993,350.87912,3563800,48.799999,49.060001,48.049999,48.049999,46.584187,15822200,44.220001,44.349998,43.779999,43.860001,42.270485,4524600
71,2022-11-17,150.970001,153.070007,149.970001,152.160004,147.715622,5069500,22.68,23.139999,22.309999,22.57,22.57,1632600,32.240002,32.630001,32.150002,32.59,31.969135,3529000,352.910004,362.299988,352.709991,360.769989,358.673584,2929700,47.799999,48.5,47.529999,48.330002,46.855652,13231100,43.209999,43.990002,43.189999,43.709999,42.125919,1255800
72,2022-11-18,153.669998,155.639999,153.669998,154.979996,150.453247,5691100,22.9,23.66,22.809999,23.440001,23.440001,1398800,32.75,33.029999,32.700001,32.889999,32.263416,4007600,362.549988,364.670013,359.350006,361.670013,359.568359,2420900,48.639999,48.830002,47.869999,48.23,46.758698,20666500,44.259998,44.700001,44.110001,44.509998,42.896923,2115000
73,2022-11-21,155.399994,158.630005,154.429993,157.110001,152.521042,6492100,23.52,23.860001,23.190001,23.74,23.74,1312000,33.560001,33.580002,33.169998,33.439999,32.80294,4001000,360.390015,363.76001,355.369995,361.170013,359.071289,1999200,48.099998,48.279999,47.720001,48.18,46.710224,14736000,44.66,44.959999,44.470001,44.740002,43.118591,2129900
74,2022-11-22,157.690002,159.880005,157.559998,159.789993,155.122757,5351100,24.01,24.790001,23.940001,24.5,24.5,2217900,33.619999,33.860001,33.57,33.849998,33.205128,3355300,362.0,362.799988,357.299988,360.880005,358.782928,2460400,48.34,49.25,48.240002,49.080002,47.582771,16358600,44.860001,45.099998,44.700001,45.049999,43.417355,2757600
75,2022-11-23,159.949997,160.940002,158.820007,159.389999,154.734436,3221100,24.530001,24.73,24.02,24.27,24.27,2457400,33.669998,33.869999,33.450001,33.689999,33.048176,3453700,361.339996,362.470001,358.630005,361.720001,359.618073,1993000,48.959999,49.220001,48.52,48.849998,47.359779,10710800,44.849998,45.07,44.610001,45.040001,43.407719,2730400
76,2022-11-25,159.589996,160.75,159.240005,159.619995,154.957718,1661900,24.280001,24.52,24.110001,24.200001,24.200001,652800,33.799999,34.049999,33.77,33.990002,33.342468,1645000,362.899994,365.829987,361.549988,365.25,363.127563,1039100,48.93,49.220001,48.84,49.209999,47.708801,6760200,45.16,45.619999,45.16,45.389999,43.745033,686600
77,2022-11-28,160.0,160.729996,157.830002,158.429993,153.802475,3902800,24.219999,24.389999,23.82,23.969999,23.969999,1255400,33.77,34.049999,33.709999,33.759998,33.116844,7149300,363.450012,369.51001,361.0,365.769989,363.644531,2481300,49.18,49.740002,49.060001,49.57,48.057819,20704000,45.68,45.93,45.450001,45.540001,43.889599,1675300
78,2022-11-29,158.309998,159.429993,157.210007,158.199997,153.579193,3689000,24.0,24.33,23.709999,24.02,24.02,1013700,34.310001,34.619999,34.189999,34.360001,33.705418,4067400,364.619995,366.109985,360.640015,363.950012,361.835114,2207000,49.5,49.669998,49.099998,49.490002,47.980263,17160900,45.759998,45.98,45.549999,45.869999,44.207638,1353800
79,2022-11-30,158.789993,161.179993,156.460007,161.179993,156.472153,12342500,24.209999,24.82,23.959999,24.780001,24.780001,1561600,34.389999,34.59,33.889999,34.59,33.931034,4092000,365.070007,372.350006,361.799988,371.079987,368.923645,5556400,49.639999,50.130001,49.040001,50.130001,48.600739,35572700,44.560001,45.369999,44.220001,45.349998,43.706482,1891100
80,2022-12-01,161.0,163.199997,159.979996,161.630005,156.909027,5827800,24.889999,25.379999,24.719999,25.200001,25.200001,1158900,34.799999,35.23,34.759998,35.029999,34.362652,3865900,374.790009,375.190002,368.48999,370.329987,368.178009,2516100,50.310001,51.16,50.279999,51.080002,49.521763,23592600,45.900002,46.02,45.619999,45.869999,44.207638,1990600
81,2022-12-02,160.720001,163.759995,160.509995,163.660004,158.879715,4304900,25.129999,26.17,24.85,26.09,26.09,1978500,34.93,35.470001,34.91,35.349998,34.676556,4894100,366.079987,375.040009,365.0,374.76001,372.582275,1925600,50.560001,51.330002,50.48,50.91,49.356941,16881600,45.189999,45.27,44.84,45.009998,43.378803,1966900
82,2022-12-05,162.889999,165.190002,162.889999,163.940002,159.15155,4859400,26.049999,26.07,25.33,25.51,25.51,1095400,35.040001,35.490002,35.029999,35.16,34.490173,5319100,373.76001,375.25,368.279999,369.290009,367.144073,2296500,50.91,51.029999,50.349998,50.73,49.182434,17959800,44.91,45.240002,44.860001,44.93,43.301704,1551100
83,2022-12-06,164.029999,164.389999,161.550003,163.720001,158.937973,5480400,25.280001,25.33,24.790001,25.0,25.0,822800,34.740002,39.740002,34.240002,37.919998,37.19759,30761000,367.0,370.640015,365.519989,368.540009,366.398438,1971000,50.669998,50.849998,49.18,49.709999,48.19355,21787100,45.110001,49.75,44.48,48.549999,46.790512,11620000
84,2022-12-07,163.690002,165.529999,163.259995,165.399994,160.568893,4637800,25.16,25.32,24.82,25.27,25.27,1307000,37.549999,37.639999,36.779999,36.880001,36.17741,14161500,369.320007,375.23999,368.76001,371.970001,369.808472,1629100,49.75,51.150002,49.75,50.240002,48.707386,15929900,47.48,48.119999,47.349998,47.939999,46.202621,5419400
85,2022-12-08,165.399994,166.229996,164.279999,165.990005,161.141678,4274400,25.370001,25.719999,25.16,25.48,25.48,754000,36.360001,36.990002,36.310001,36.599998,35.902737,8568300,373.26001,373.26001,366.5,371.790009,369.629547,2090900,50.18,51.869999,50.02,51.779999,50.200401,26116800,46.860001,47.200001,46.68,46.919998,45.219585,4012200
86,2022-12-09,166.759995,167.75,162.809998,163.059998,158.297241,4644800,25.42,25.48,24.68,24.700001,24.700001,1010600,36.380001,36.5,35.939999,35.970001,35.284744,4533000,373.0,374.0,360.809998,360.98999,358.892303,2787200,51.75,52.84,51.630001,51.720001,50.142235,19933500,46.700001,46.900002,46.240002,46.259998,44.583504,2920900
87,2022-12-12,163.210007,165.490005,162.75,165.320007,160.491241,4109400,24.629999,25.370001,24.51,25.280001,25.280001,3870900,35.880001,36.099998,35.68,35.709999,35.029694,4446800,362.929993,367.829987,362.5,367.25,365.115936,2639200,52.119999,52.59,51.75,52.16,50.568813,18532200,46.75,46.950001,46.389999,46.66,44.969009,2745200
88,2022-12-13,166.949997,167.5,164.669998,164.789993,159.976715,5050400,25.379999,25.700001,24.959999,25.540001,25.540001,1683400,36.529999,36.77,35.93,36.150002,35.461315,7205900,361.630005,372.73999,358.320007,358.660004,356.575836,5032600,53.099998,54.040001,52.880001,53.07,51.45105,29461800,47.470001,47.740002,46.98,47.040001,45.335239,2215600
89,2022-12-14,164.600006,165.979996,162.830002,164.860001,160.044678,4485400,25.32,25.83,25.030001,25.620001,25.620001,1147300,36.080002,36.290001,35.73,35.919998,35.235695,6694600,359.01001,369.429993,357.059998,363.5,361.387726,5095500,53.139999,54.93,52.900002,54.48,52.818035,36260300,47.639999,48.189999,47.330002,47.950001,46.212261,1785700
90,2022-12-15,163.889999,164.610001,161.949997,163.100006,158.33609,5268300,25.620001,25.620001,25.0,25.09,25.09,1049200,36.049999,36.150002,35.59,35.630001,34.951221,3707800,360.660004,363.970001,356.690002,360.01001,357.917999,3437100,54.07,54.43,53.400002,53.610001,51.974579,21627100,47.560001,47.75,47.099998,47.16,45.45089,1984500
91,2022-12-16,162.050003,163.320007,160.479996,160.479996,155.792603,18905500,24.82,25.6,24.690001,25.52,25.52,2185700,35.200001,35.279999,34.869999,34.950001,34.284176,6353200,357.929993,360.480011,355.170013,359.869995,357.778809,6612200,53.009998,53.139999,51.400002,51.400002,49.831997,65689500,46.52,47.049999,46.240002,46.98,45.277412,2902300
92,2022-12-19,160.779999,162.229996,160.059998,161.490005,156.773117,4033400,25.559999,25.6,24.799999,25.24,25.24,1142000,35.02,35.139999,34.73,34.869999,34.205696,3149700,357.809998,359.700012,354.609985,357.779999,355.700958,2658400,51.52,51.810001,50.700001,51.360001,49.793217,16081900,46.98,47.279999,46.82,46.98,45.277412,2139300
93,2022-12-20,161.610001,161.850006,160.070007,160.580002,155.889679,4221000,25.129999,25.879999,25.129999,25.719999,25.719999,943000,34.82,35.150002,34.82,34.990002,34.323414,3714100,358.5,361.450012,356.339996,359.640015,357.550171,2276000,51.209999,51.509998,50.84,51.32,49.754436,12433800,47.009998,47.400002,46.98,47.16,45.45089,1569000
94,2022-12-21,161.449997,162.729996,160.360001,162.210007,157.472076,3707200,25.809999,26.23,25.530001,25.98,25.98,835500,35.209999,35.849998,35.150002,35.299999,34.627506,5608300,362.630005,370.679993,361.209991,368.01001,365.871521,2211200,51.610001,52.16,51.200001,51.66,50.084064,12925000,48.259998,48.740002,47.990002,48.27,46.52066,2254100
95,2022-12-22,161.869995,163.389999,161.529999,163.270004,158.501114,3606000,25.83,25.969999,25.52,25.610001,25.610001,1055300,35.189999,35.369999,35.060001,35.310001,34.637318,3333900,367.320007,369.76001,362.290009,365.309998,363.187195,1958100,51.41,51.700001,50.950001,51.639999,50.064674,14822300,48.18,48.419998,47.93,48.189999,46.443558,1461000
96,2022-12-23,163.389999,163.820007,162.330002,163.100006,158.33609,2685100,25.49,25.889999,25.33,25.49,25.49,1057000,35.259998,35.360001,35.009998,35.220001,34.549034,3348200,364.820007,367.899994,362.470001,367.899994,365.762115,1030300,51.560001,51.950001,51.240002,51.830002,50.248878,10666500,48.07,48.57,47.900002,48.52,46.7616,1403000
97,2022-12-27,163.490005,163.809998,161.779999,162.990005,158.229294,2669200,25.469999,25.639999,25.129999,25.190001,25.190001,791500,35.240002,35.259998,35.029999,35.07,34.40189,2503100,369.5,369.730011,364.329987,364.880005,362.759705,1372100,51.860001,51.93,51.049999,51.130001,49.570232,12033800,48.32,48.439999,47.950001,48.119999,46.376095,1387200
98,2022-12-28,163.699997,164.690002,162.110001,162.229996,157.491486,2944500,25.18,25.5,24.91,25.26,25.26,1126500,35.209999,35.330002,34.759998,34.779999,34.117413,3174000,366.170013,368.01001,363.940002,365.220001,363.097717,996000,51.049999,51.389999,50.75,50.799999,49.250298,10053900,48.049999,48.240002,47.709999,47.799999,46.067696,869200
99,2022-12-29,162.960007,163.880005,162.190002,162.559998,157.811859,3112500,25.35,26.34,25.24,26.24,26.24,1229600,34.959999,35.240002,34.93,35.130001,34.460747,2395100,368.100006,370.950012,366.459991,367.019989,364.887238,1077900,51.02,51.669998,50.990002,51.330002,49.76413,8971300,48.349998,48.619999,48.25,48.549999,46.790512,1198700
100,2022-12-30,162.229996,162.850006,159.820007,161.610001,156.889603,3680400,26.15,26.209999,25.73,26.129999,26.129999,799100,35.0,35.310001,34.860001,35.139999,34.470554,2643400,367.48999,367.950012,362.109985,365.839996,363.714142,1388000,51.290001,51.400002,50.75,51.240002,49.67688,11396200,48.209999,48.57,47.880001,48.43,46.674862,1302700
101,2023-01-03,162.039993,163.020004,160.809998,162.380005,157.637115,4937500,26.129999,26.33,25.77,25.870001,25.870001,1063600,34.939999,35.41,34.900002,35.290001,34.617699,3145000,366.26001,369.0,361.459991,364.98999,362.869049,2006700,51.009998,51.330002,50.82,51.259998,49.696266,15603800,48.400002,49.080002,48.34,49.0,47.224205,2095000
102,2023-01-04,162.399994,164.279999,161.509995,163.690002,158.908859,4440400,25.940001,26.15,25.120001,25.33,25.33,1275100,35.57,35.59,34.939999,35.029999,34.362652,2752300,364.640015,367.119995,360.339996,363.100006,360.990051,1886200,50.290001,50.630001,49.52,50.130001,48.600739,21808400,49.25,49.299999,48.540001,48.740002,46.973629,2013800
103,2023-01-05,163.089996,164.490005,162.339996,163.490005,158.714691,3516000,25.280001,25.42,25.0,25.309999,25.309999,708300,34.580002,34.700001,34.34,34.48,33.823128,4352600,360.950012,361.48999,352.959991,358.920013,356.834351,2008500,49.73,49.990002,48.919998,49.66,48.145077,20057400,47.759998,47.880001,47.380001,47.75,46.019508,2483000
104,2023-01-06,164.839996,168.110001,164.119995,166.550003,161.685303,5099100,26.35,27.65,26.09,27.110001,27.110001,2177700,34.330002,34.970001,34.23,34.919998,34.254745,2940400,360.0,366.700012,357.579987,362.940002,360.830963,2131300,49.98,51.599998,49.560001,50.919998,49.366638,29635900,47.740002,48.450001,47.529999,48.139999,46.39537,1964100
105,2023-01-09,165.899994,166.279999,160.880005,161.660004,156.938141,7833000,27.01,27.219999,25.870001,26.139999,26.139999,2065400,34.959999,35.200001,34.509998,34.529999,33.872177,4339400,364.0,364.970001,348.790009,349.829987,347.79715,2980600,50.049999,50.259998,48.310001,48.389999,46.913815,30839100,48.66,48.959999,48.23,48.509998,46.751961,4367100
106,2023-01-10,162.229996,162.419998,158.300003,159.639999,154.977158,5936200,26.209999,27.24,26.030001,27.09,27.09,1787300,34.73,34.869999,34.549999,34.740002,34.078178,3023000,349.0,353.209991,343.339996,352.75,350.700165,2465200,48.349998,48.470001,47.380001,47.619999,46.167309,29212000,48.389999,48.900002,48.23,48.82,47.050728,3560200
107,2023-01-11,159.220001,159.339996,155.059998,157.169998,152.579285,7492000,27.02,27.02,26.24,26.84,26.84,1422000,34.599998,34.740002,34.419998,34.669998,34.009506,2899800,354.339996,361.76001,351.0,360.410004,358.315674,2602800,47.700001,47.740002,46.860001,47.450001,46.002491,23022200,48.549999,48.880001,48.209999,48.740002,46.973629,4722600
108,2023-01-12,155.0,155.259995,151.720001,152.220001,149.178635,7665100,26.75,27.58,26.559999,27.559999,27.559999,1351200,34.740002,35.279999,34.470001,35.150002,34.48037,3373600,359.25,360.5,353.079987,359.119995,357.033173,2019700,47.27,47.720001,46.580002,47.709999,46.254559,23345300,48.380001,49.419998,48.049999,49.349998,47.56152,3123700
109,2023-01-13,152.089996,153.809998,151.339996,153.600006,150.531052,6019300,27.459999,27.610001,27.02,27.309999,27.309999,1334200,35.200001,35.470001,35.169998,35.380001,34.705986,4433700,359.570007,363.309998,358.640015,361.619995,359.518616,1690900,47.5,48.16,47.490002,47.849998,46.390289,18737500,49.240002,49.639999,49.23,49.27,47.484421,2163300
110,2023-01-17,153.800003,155.100006,152.580002,152.830002,149.776428,8507000,27.940001,28.620001,27.26,28.540001,28.540001,2391600,35.490002,35.709999,35.380001,35.560001,34.882557,3664900,361.619995,362.0,356.549988,357.73999,355.661163,2435200,46.540001,46.740002,45.709999,46.080002,44.67429,29391400,49.82,49.93,49.560001,49.830002,48.024128,2180800
111,2023-01-18,152.119995,152.419998,149.070007,149.199997,146.218964,6190800,28.68,28.68,27.610001,27.66,27.66,1816800,35.549999,35.610001,35.130001,35.189999,34.519604,4844000,356.320007,359.0,351.579987,352.01001,349.964478,2302300,45.549999,45.849998,44.970001,45.0,43.627235,33835000,49.740002,49.790001,49.16,49.16,47.378407,1443300
112,2023-01-19,148.949997,150.539993,147.330002,148.710007,145.73877,7169900,27.559999,28.02,27.379999,27.889999,27.889999,1587800,35.25,35.73,35.23,35.610001,34.931599,3082000,352.369995,355.799988,350.420013,351.079987,349.039856,2658300,44.720001,45.27,44.639999,44.959999,43.588451,26614900,49.32,49.869999,48.919998,49.439999,47.648258,2272000
113,2023-01-20,149.429993,149.710007,147.149994,149.589996,146.601166,7059000,28.129999,28.82,27.690001,27.719999,27.719999,1932900,35.259998,35.389999,35.09,35.380001,34.705986,4141500,347.0,349.070007,341.579987,346.070007,344.05899,5391900,45.279999,45.43,44.73,45.110001,43.733875,25197600,49.220001,49.290001,48.93,49.080002,47.301308,1540800
114,2023-01-23,149.860001,150.429993,148.050003,148.550003,145.581955,7616400,27.6,27.709999,27.129999,27.34,27.34,1638300,35.360001,35.529999,35.27,35.360001,34.686367,3963100,346.609985,346.609985,340.220001,342.209991,340.221405,3403100,45.040001,45.32,44.82,44.98,43.607841,19398600,48.830002,48.950001,48.560001,48.630001,46.867615,2880500
115,2023-01-24,148.080002,148.869995,146.440002,147.690002,144.739136,5171400,27.17,27.98,27.049999,27.98,27.98,844700,35.0,35.0,34.52,34.700001,34.03894,5041300,346.0,346.630005,341.359985,346.390015,344.377167,2242500,44.919998,44.950001,44.150002,44.709999,43.346081,18853100,48.560001,48.599998,48.240002,48.529999,46.771236,3687300
116,2023-01-25,147.380005,147.979996,146.5,147.789993,144.837128,5744300,27.950001,28.58,27.950001,28.34,28.34,1661900,34.939999,35.259998,34.919998,35.169998,34.499981,3763700,345.549988,349.779999,345.100006,349.730011,347.697754,2503300,45.029999,45.110001,44.59,45.07,43.695095,20828000,48.619999,49.049999,48.610001,48.889999,47.118191,1688600
117,2023-01-26,147.919998,148.699997,147.110001,147.399994,144.454926,4577800,28.309999,28.549999,28.16,28.5,28.5,1037100,35.310001,35.41,34.970001,35.34,34.666744,4988000,351.0,352.179993,346.730011,348.01001,345.987732,2576200,44.200001,44.299999,43.610001,44.25,43.293957,38465500,49.16,49.169998,48.66,48.810001,47.041092,2238800
118,2023-01-27,147.309998,147.679993,146.009995,146.279999,143.3573,4591500,28.620001,29.049999,28.5,29.02,29.02,1162400,35.330002,35.439999,35.119999,35.299999,34.627506,3476100,346.109985,348.089996,341.529999,342.100006,340.112091,2363600,44.220001,44.34,43.779999,43.790001,42.843895,23798600,48.5,48.799999,48.330002,48.490002,46.732689,1063000
119,2023-01-30,145.869995,147.119995,145.259995,145.649994,142.739899,4573400,29.040001,29.280001,28.74,28.790001,28.790001,1130500,35.560001,35.630001,35.099998,35.119999,34.450935,4742700,344.329987,347.799988,339.459991,340.5,338.521362,2647700,43.790001,44.139999,43.400002,43.549999,42.609081,24402200,48.970001,49.09,48.48,48.57,46.809788,2062000
120,2023-01-31,145.630005,147.850006,144.410004,147.75,144.797943,5628700,28.790001,29.040001,28.530001,28.639999,28.639999,1169300,35.419998,35.529999,35.029999,35.259998,34.588268,5839300,340.679993,344.399994,339.380005,344.149994,342.150177,2406700,43.0,44.279999,42.700001,44.16,43.205902,49722500,48.82,49.189999,48.599998,49.139999,47.359131,1327500
121,2023-02-01,146.630005,147.440002,145.25,146.600006,143.670914,5439900,28.57,29.0,28.190001,28.690001,28.690001,1094900,35.259998,35.790001,35.099998,35.490002,34.813889,5780900,342.790009,345.940002,337.519989,342.570007,340.579346,2990900,43.91,44.18,43.41,43.970001,43.020004,24482300,48.549999,48.93,48.130001,48.75,46.983265,1434400
122,2023-02-02,145.929993,145.929993,143.440002,144.839996,141.946075,6160800,28.620001,28.620001,27.370001,27.620001,27.620001,970100,35.43,35.610001,34.869999,35.130001,34.460747,5445600,334.0,335.299988,317.0,330.700012,328.77832,13036600,43.630001,44.459999,43.5,44.34,43.382015,35279200,47.830002,47.869999,47.099998,47.240002,45.527992,2136300
123,2023-02-03,145.919998,146.800003,144.699997,145.199997,142.298874,6553000,27.51,27.889999,27.27,27.35,27.35,908100,35.380001,35.529999,34.759998,34.830002,34.166462,3633200,332.950012,342.329987,329.369995,339.079987,337.109619,5670700,44.360001,44.389999,43.880001,44.060001,43.108063,23742000,45.959999,46.880001,45.75,46.02,44.352203,3503300
124,2023-02-06,145.740005,146.330002,144.809998,145.020004,142.122482,4297000,27.33,27.540001,26.92,27.1,27.1,978500,35.400002,35.490002,35.209999,35.34,34.666744,4932400,341.980011,343.420013,334.619995,337.660004,335.697876,3055700,44.189999,44.299999,43.73,43.759998,42.814541,18071200,45.529999,46.0,45.32,45.860001,44.198002,2891700
125,2023-02-07,144.580002,145.460007,143.660004,145.139999,142.240082,5401900,27.049999,27.26,26.59,27.18,27.18,1261800,35.990002,36.169998,35.77,36.169998,35.48093,4071900,336.049988,340.959991,332.690002,339.679993,337.706146,2464100,43.82,43.900002,43.25,43.59,42.648216,22999500,46.279999,47.060001,46.209999,46.970001,45.267776,2424800
126,2023-02-08,145.410004,146.350006,144.470001,144.610001,141.720673,5753800,27.09,27.18,26.76,26.790001,26.790001,960100,36.560001,36.59,36.23,36.32,35.628075,3415300,338.559998,342.869995,337.820007,340.730011,338.750031,2399400,43.549999,44.099998,43.529999,43.98,43.029793,19362300,47.700001,47.799999,47.439999,47.709999,45.980957,2256700
127,2023-02-09,148.5,153.699997,147.899994,148.699997,145.728943,12216900,27.059999,28.299999,26.969999,27.1,27.1,995500,36.740002,36.830002,36.310001,36.43,35.735981,6059300,340.890015,347.350006,340.5,341.790009,339.803864,3072800,44.119999,44.330002,43.240002,43.34,42.403618,20809200,48.259998,48.349998,47.830002,48.080002,46.337547,2461200
128,2023-02-10,149.690002,153.179993,148.770004,152.050003,149.012024,8956700,27.25,27.25,26.92,27.09,27.09,825400,36.040001,36.060001,35.59,35.84,35.157219,2983500,343.269989,348.429993,342.730011,345.119995,343.114502,1980000,43.5,43.98,43.259998,43.880001,42.93195,18619600,47.599998,47.709999,47.130001,47.540001,45.81712,2559000
129,2023-02-13,152.020004,153.779999,151.259995,153.729996,150.658447,5602600,27.139999,27.719999,26.950001,27.690001,27.690001,1005400,36.060001,36.23,36.02,36.23,35.539787,2667400,346.470001,350.809998,346.0,350.399994,348.363831,2291600,43.68,44.009998,43.509998,43.990002,43.039577,17878000,47.080002,47.400002,46.799999,47.400002,45.682194,1472600
130,2023-02-14,153.919998,154.0,151.759995,152.589996,149.541229,4662800,27.48,27.93,27.469999,27.67,27.67,1137200,36.110001,36.130001,35.759998,36.060001,35.373032,5505900,350.540009,353.820007,347.279999,347.559998,346.658295,2028900,44.09,44.200001,43.580002,43.720001,42.77541,17506900,47.470001,47.759998,47.18,47.599998,45.874943,1329800
131,2023-02-15,152.619995,153.490005,150.830002,151.059998,148.041794,5648100,27.459999,27.459999,26.530001,26.99,26.99,1876200,35.25,35.610001,34.849998,35.57,34.892361,10405600,345.850006,346.869995,334.350006,335.01001,334.140869,3600700,43.419998,43.610001,43.110001,43.32,42.384048,18994700,47.349998,47.360001,46.990002,47.25,45.537628,1356600
132,2023-02-16,149.110001,150.5,148.729996,149.529999,146.542374,3757500,29.299999,29.49,27.360001,28.18,28.18,3097600,35.09,35.299999,34.950001,35.139999,34.470554,5585200,331.0,332.940002,325.720001,326.070007,325.22406,3654200,43.150002,43.18,42.77,42.950001,42.022045,17832000,46.959999,47.119999,46.689999,46.830002,45.132851,932700
133,2023-02-17,149.149994,151.389999,148.610001,151.309998,148.286804,4562400,28.299999,28.67,27.73,28.07,28.07,1481900,35.330002,35.900002,35.25,35.880001,35.196461,2919800,323.149994,331.589996,320.5,328.399994,327.548004,3695600,42.889999,43.369999,42.580002,43.209999,42.276428,18293400,47.360001,47.720001,47.290001,47.669998,45.942406,1065200
134,2023-02-21,149.820007,153.020004,149.820007,152.0,148.963028,8466100,27.889999,28.17,27.620001,27.77,27.77,1266500,35.900002,36.080002,35.709999,36.0,35.314171,2672100,327.149994,331.720001,326.329987,327.51001,326.660309,2515600,42.810001,42.93,42.619999,42.700001,41.777447,17356600,47.73,47.900002,47.439999,47.599998,45.874943,829700
135,2023-02-22,151.0,152.149994,150.240005,150.669998,147.659576,6041700,27.57,28.02,27.57,27.77,27.77,1462200,36.07,36.07,35.68,35.740002,35.059124,1990200,328.709991,332.600006,326.329987,329.070007,328.216278,2379800,42.720001,42.889999,42.310001,42.380001,41.464359,17394200,48.080002,48.18,47.75,48.02,46.27972,1611300
136,2023-02-23,150.899994,153.570007,149.169998,152.070007,149.031616,5993300,27.65,27.889999,27.23,27.360001,27.360001,1407800,35.220001,35.419998,35.02,35.259998,34.920471,2981600,328.01001,332.829987,325.690002,327.519989,326.670258,2229500,42.290001,42.75,42.220001,42.299999,41.386086,21104300,47.66,48.310001,47.439999,48.310001,46.559212,3269600
137,2023-02-24,151.300003,152.979996,150.910004,152.710007,149.658844,5621100,27.17,27.450001,27.0,27.18,27.18,1220300,34.860001,34.900002,34.529999,34.57,34.237118,3970100,326.0,327.230011,320.089996,321.640015,320.805542,2594600,42.029999,42.049999,41.509998,41.75,40.847973,16806100,47.880001,47.970001,47.330002,47.700001,45.971321,2576700
138,2023-02-27,153.259995,154.75,153.100006,154.279999,151.197464,6828800,27.26,27.389999,27.1,27.190001,27.190001,1207200,34.900002,35.080002,34.759998,34.82,34.484711,2897500,322.600006,323.399994,315.899994,316.619995,315.798553,3043500,41.439999,41.73,40.73,40.779999,39.89893,26370300,48.07,48.389999,47.82,47.849998,46.115883,1398900
139,2023-02-28,153.960007,154.369995,152.619995,153.899994,150.825043,7561700,27.08,27.379999,26.719999,26.74,26.74,1520200,34.549999,34.669998,34.27,34.27,33.940006,3264100,315.48999,315.48999,309.640015,311.220001,310.412567,3966900,40.5,40.709999,40.09,40.57,39.693466,31086900,47.400002,47.439999,46.849998,46.849998,45.152122,1072800
140,2023-03-01,152.759995,155.580002,152.369995,155.270004,152.167694,5485800,26.799999,27.559999,26.799999,27.379999,27.379999,1310300,34.220001,34.349998,34.060001,34.259998,33.930099,3258500,310.0,316.910004,309.200012,314.170013,313.354919,3580800,40.560001,40.759998,40.139999,40.18,39.311893,21104400,47.310001,47.34,46.959999,47.02,45.315964,1252700
141,2023-03-02,155.229996,155.770004,154.210007,154.380005,151.295471,4567800,27.27,27.49,27.09,27.190001,27.190001,976600,34.139999,34.639999,34.099998,34.580002,34.247021,2425200,311.790009,316.299988,310.529999,315.049988,314.232605,2885200,40.060001,40.779999,39.810001,40.619999,39.742386,19110600,46.889999,47.630001,46.830002,47.630001,45.903858,1163600
142,2023-03-03,154.330002,156.169998,154.009995,156.059998,152.941895,4851200,27.15,27.5,26.93,27.25,27.25,751900,34.450001,34.669998,34.389999,34.66,34.326248,2876300,316.369995,320.160004,315.23999,318.429993,317.603851,3002800,40.91,41.18,40.740002,41.150002,40.260937,20922000,47.490002,47.759998,47.290001,47.759998,46.029144,2033400
143,2023-03-06,155.789993,156.460007,154.539993,155.279999,152.17749,4051900,27.07,27.25,26.9,27.219999,27.219999,728100,34.580002,34.73,34.400002,34.450001,34.118275,2782700,316.940002,320.23999,316.5,318.959991,318.132477,2673700,41.09,41.259998,40.82,41.110001,40.221798,19434800,47.610001,47.970001,47.5,47.73,46.000233,734200
144,2023-03-07,155.570007,155.669998,152.050003,152.929993,149.87442,4606900,27.219999,27.379999,26.93,27.040001,27.040001,710300,34.560001,34.619999,33.990002,34.029999,33.702316,2984100,319.0,320.350006,309.600006,310.630005,309.824097,2620800,41.060001,41.130001,40.099998,40.34,39.468433,23205800,48.0,48.049999,47.25,47.560001,45.836395,1195200
145,2023-03-08,152.789993,153.740005,148.539993,149.600006,146.610977,5860100,27.02,27.139999,26.629999,26.860001,26.860001,697200,33.889999,33.959999,33.540001,33.59,33.266552,2335400,310.5,313.029999,309.320007,312.540009,311.729156,2313200,40.32,40.57,39.91,40.119999,39.253185,16756100,47.57,47.669998,47.09,47.23,45.518353,1138600
146,2023-03-09,150.070007,150.910004,146.570007,147.350006,144.40593,5350200,27.0,27.139999,26.85,26.9,26.9,1292100,33.880001,33.91,33.369999,33.5,33.177422,2336300,312.309998,318.769989,312.309998,316.850006,316.027954,3920300,40.41,40.57,39.310001,39.459999,38.607445,18585100,47.700001,47.75,46.950001,47.049999,45.344875,1152100
147,2023-03-10,147.839996,150.639999,147.470001,149.710007,146.718781,6825500,26.950001,26.950001,26.01,26.610001,26.610001,1449100,33.509998,33.869999,33.450001,33.5,33.177422,2418100,318.850006,326.529999,314.339996,315.019989,314.202698,4597300,39.290001,39.93,39.23,39.389999,38.538956,26328100,47.560001,47.950001,47.220001,47.279999,45.56654,1281800
148,2023-03-13,149.0,153.320007,149.0,151.949997,148.914017,7653800,26.440001,27.25,26.379999,26.620001,26.620001,799700,33.599998,33.810001,33.330002,33.52,33.197227,3699600,317.23999,331.799988,317.23999,324.48999,323.648132,5275600,39.259998,40.509998,39.259998,39.860001,38.998806,35299400,47.220001,47.799999,46.970001,47.029999,45.3256,1536700
149,2023-03-14,151.949997,153.990005,151.460007,153.850006,150.776062,6644100,26.870001,26.959999,26.469999,26.82,26.82,960400,33.5,33.740002,33.459999,33.720001,33.395302,3469600,324.049988,327.279999,321.440002,327.070007,326.221466,4214300,40.049999,40.150002,39.52,39.900002,39.037941,24583600,47.549999,47.900002,47.330002,47.860001,46.125523,2219800
150,2023-03-15,152.179993,154.380005,151.729996,154.059998,150.981857,6304600,26.59,26.76,26.24,26.620001,26.620001,1227100,33.400002,33.75,33.200001,33.580002,33.256653,3803300,326.0,331.359985,324.5,329.470001,328.615234,4743500,39.759998,40.529999,39.459999,40.279999,39.409729,25498400,47.040001,47.68,47.029999,47.57,45.846031,994400
151,2023-03-16,153.199997,155.919998,152.509995,155.300003,152.197083,6331200,26.43,26.9,26.24,26.68,26.68,1102700,33.279999,33.830002,33.240002,33.82,33.494339,2025500,327.640015,331.700012,325.040009,329.529999,328.675049,3498200,40.060001,40.490002,39.720001,40.369999,39.497787,21095900,47.709999,48.16,47.400002,48.119999,46.376095,1287600
152,2023-03-17,155.779999,156.070007,151.880005,154.220001,151.138657,42756400,26.66,26.66,25.98,26.030001,26.030001,2057500,33.990002,34.200001,33.880001,34.07,33.741932,2776600,331.5,334.950012,328.100006,329.179993,328.325958,8679800,40.630001,40.790001,39.990002,40.099998,39.23362,57457800,47.810001,47.93,47.470001,47.740002,46.009872,1335200
153,2023-03-20,154.520004,156.339996,154.460007,156.119995,153.000687,4408200,26.18,26.66,26.09,26.629999,26.629999,602700,34.540001,34.939999,34.380001,34.93,34.593651,2973800,329.179993,333.940002,329.01001,333.600006,332.734497,3540900,40.139999,40.860001,39.939999,40.810001,39.92828,20825400,47.959999,48.25,47.630001,48.0,46.260445,2232000
154,2023-03-21,156.639999,157.050003,155.100006,156.770004,153.637711,4675700,26.74,26.870001,26.440001,26.52,26.52,634100,34.959999,35.080002,34.82,35.049999,34.712494,2321500,334.390015,334.440002,328.079987,331.079987,330.221039,3240400,40.860001,40.91,40.310001,40.66,39.781521,19982000,48.860001,48.869999,48.349998,48.560001,46.800152,1116500
155,2023-03-22,155.679993,156.880005,153.610001,153.669998,150.599655,4376900,26.440001,26.440001,25.799999,25.83,25.83,967800,35.080002,35.32,34.900002,34.900002,34.563942,2301400,331.769989,335.600006,330.649994,330.970001,330.111328,2472200,40.700001,40.849998,39.990002,40.009998,39.145565,15444200,48.880001,49.360001,48.77,48.790001,47.021816,955400
156,2023-03-23,154.100006,156.5,154.020004,155.300003,152.197083,4584000,25.98,26.15,25.43,25.75,25.75,914200,35.490002,35.529999,35.029999,35.220001,34.880859,2980400,330.890015,335.339996,330.209991,332.640015,331.777008,2703400,40.169998,40.5,40.0,40.18,39.311893,16958100,52.009998,52.299999,51.400002,51.73,49.855267,6019000
157,2023-03-24,155.279999,158.479996,154.589996,158.020004,154.862747,4678700,25.73,26.530001,25.48,26.49,26.49,1009200,34.330002,34.57,33.759998,34.380001,34.048946,5443800,332.98999,336.929993,328.769989,336.130005,335.257935,2791900,40.09,40.459999,39.869999,40.389999,39.517353,17218100,52.0,52.73,51.610001,52.610001,50.703377,2748900
158,2023-03-27,158.830002,159.139999,157.380005,157.539993,154.392319,3887800,26.59,27.200001,26.450001,27.01,27.01,968000,34.73,35.139999,34.68,35.040001,34.702591,3057700,327.799988,336.220001,323.26001,334.600006,333.731903,3102300,40.540001,40.619999,39.970001,40.220001,39.351028,20262800,53.0,53.279999,52.720001,53.220001,51.291271,1755600
159,2023-03-28,157.800003,158.600006,157.449997,158.25,155.08815,3532500,27.0,27.4,27.0,27.290001,27.290001,1291700,35.130001,35.189999,34.959999,35.099998,34.762012,3110400,335.799988,338.829987,334.720001,337.649994,336.773987,2433200,40.200001,40.299999,39.860001,39.990002,39.125996,13537500,54.099998,54.279999,53.919998,54.189999,52.226116,1514000
160,2023-03-29,158.979996,159.699997,156.360001,158.0,154.84314,3959900,27.290001,27.969999,27.280001,27.92,27.92,1174100,35.040001,35.189999,34.91,35.060001,34.722401,2446100,339.0,339.769989,334.579987,335.869995,334.998596,2743800,40.16,40.27,39.990002,40.25,39.380379,14429500,54.709999,54.75,54.419998,54.450001,52.476696,1870000
161,2023-03-30,158.009995,158.529999,157.419998,157.919998,154.76474,3635800,28.01,28.07,27.620001,27.82,27.82,1266600,35.060001,35.290001,35.049999,35.27,34.930378,2488100,336.070007,341.309998,336.070007,340.690002,339.806122,2146900,40.419998,40.490002,40.25,40.380001,39.507572,12634500,54.57,54.720001,53.889999,53.970001,52.014091,1912100
162,2023-03-31,158.429993,159.570007,157.729996,159.369995,156.18576,4957300,27.75,28.27,27.74,28.190001,28.190001,1400500,35.470001,35.740002,35.389999,35.580002,35.237392,2800000,342.0,343.649994,340.690002,343.420013,342.529053,2933600,40.549999,40.830002,40.279999,40.799999,39.918495,23393600,54.43,54.52,54.16,54.419998,52.447781,2034600
163,2023-04-03,158.25,160.470001,157.789993,160.419998,157.214783,4389400,28.059999,28.700001,27.809999,28.67,28.67,1083900,35.619999,35.959999,35.580002,35.950001,35.603828,2816900,343.23999,351.540009,342.299988,350.73999,349.830017,3039600,40.689999,41.470001,40.650002,41.349998,40.456612,20817200,54.43,54.549999,54.09,54.18,52.21648,1874100
164,2023-04-04,160.509995,161.729996,159.529999,159.779999,156.58757,4224400,28.67,29.110001,28.4,29.1,29.1,1152300,36.18,36.580002,36.119999,36.549999,36.198051,3452900,352.070007,359.0,351.269989,354.619995,353.699951,3585900,41.439999,41.529999,40.759998,40.900002,40.016338,19514500,54.169998,54.689999,54.080002,54.209999,52.245392,3207600
165,2023-04-05,160.0,161.669998,159.009995,160.800003,157.587189,5743000,29.120001,29.68,29.120001,29.370001,29.370001,1053100,36.990002,37.48,36.959999,37.450001,37.089386,5253100,358.079987,364.850006,357.929993,362.23999,361.300201,3442700,41.290001,42.220001,41.169998,41.549999,40.65229,29697600,55.209999,55.48,54.75,54.84,52.852562,3026800
166,2023-04-06,160.800003,162.190002,160.619995,161.550003,158.322205,5498300,29.540001,29.540001,29.040001,29.219999,29.219999,1265600,37.799999,38.209999,37.720001,38.0,37.634087,5059700,364.850006,369.5,364.25,368.290009,367.334503,3531700,41.93,42.099998,41.369999,41.5,40.603371,25931800,55.790001,56.09,55.669998,55.93,53.903057,2686200
167,2023-04-10,161.710007,162.059998,160.210007,161.279999,158.057602,3309500,29.049999,29.24,28.879999,28.92,28.92,1167300,38.0,38.049999,37.68,37.869999,37.505341,2681600,368.179993,368.350006,363.040009,367.0,366.047852,1868000,41.150002,41.740002,41.119999,41.73,40.828403,15137300,55.380001,55.52,54.610001,54.990002,52.997128,1732400
168,2023-04-11,161.490005,162.589996,161.190002,161.380005,158.155609,2875800,29.17,29.43,28.75,28.84,28.84,1012300,37.830002,37.830002,37.330002,37.349998,36.990345,2963100,367.76001,368.799988,363.589996,364.040009,363.095551,2027000,41.799999,41.990002,41.700001,41.790001,40.887108,15304100,55.73,55.740002,55.119999,55.220001,53.218788,2034900
169,2023-04-12,162.119995,163.479996,161.600006,162.360001,159.116028,4005000,28.98,29.34,28.860001,28.969999,28.969999,751300,37.779999,37.93,37.639999,37.709999,37.346882,2524700,364.019989,372.440002,363.329987,369.049988,368.092529,2672600,41.630001,41.790001,41.27,41.369999,40.476177,17035100,55.959999,56.27,55.610001,55.799999,53.777767,2146900
170,2023-04-13,161.0,162.860001,160.550003,162.690002,160.906174,3868500,28.99,29.99,28.969999,29.879999,29.879999,1543600,38.029999,38.32,37.990002,38.32,37.951008,2760700,372.619995,375.559998,370.309998,375.149994,374.176697,2839900,41.529999,41.700001,41.299999,41.470001,40.57402,22880900,56.09,56.310001,56.0,56.099998,54.066895,1362300
171,2023-04-14,162.639999,163.0,160.929993,161.589996,159.818237,3473100,29.58,29.780001,28.879999,29.35,29.35,5973200,38.099998,38.119999,37.669998,37.77,37.406303,2693900,374.23999,376.309998,372.51001,374.730011,373.757813,2287900,41.509998,41.709999,40.93,41.189999,40.300068,20627500,56.57,56.59,55.91,56.150002,54.115086,1731500
172,2023-04-17,161.919998,162.199997,160.649994,161.179993,159.41272,4354100,29.57,29.860001,29.26,29.440001,29.440001,1564800,37.68,37.689999,37.34,37.389999,37.029961,2903600,375.0,375.899994,371.160004,372.350006,371.383972,2059700,41.119999,41.279999,40.959999,41.18,40.290287,17608600,56.150002,56.200001,55.82,55.900002,53.874146,1150300
173,2023-04-18,161.0,161.229996,158.410004,159.589996,157.840164,4996200,29.459999,29.459999,29.030001,29.25,29.25,763900,37.150002,37.240002,36.73,36.779999,36.425835,2495400,373.0,374.26001,369.660004,369.910004,368.950317,1925300,41.279999,41.330002,40.529999,40.549999,39.673897,18541500,55.91,56.040001,55.049999,55.200001,53.199512,2404100
174,2023-04-19,158.669998,161.440002,158.520004,161.210007,159.442413,4826900,29.190001,29.34,28.82,29.299999,29.299999,717200,37.0,37.049999,36.779999,36.93,36.57439,2649200,370.549988,371.279999,367.350006,370.470001,369.50885,2173000,40.43,40.560001,40.200001,40.240002,39.370594,17214300,55.709999,55.880001,55.439999,55.720001,53.700668,2590900
175,2023-04-20,161.179993,161.770004,160.580002,161.740005,159.966599,3808100,29.280001,29.299999,28.91,29.0,29.0,916200,36.84,36.84,36.43,36.459999,36.108917,2999000,371.390015,376.059998,369.76001,374.809998,373.837585,2766500,40.080002,40.189999,39.790001,39.849998,38.989021,20131600,55.669998,55.790001,55.439999,55.470001,53.459728,815900
176,2023-04-21,162.589996,163.190002,162.020004,162.410004,160.629242,4812100,29.08,29.51,29.01,29.379999,29.379999,1768700,36.59,36.720001,36.450001,36.709999,36.35651,2268100,378.01001,386.269989,378.0,385.23999,384.240509,3682500,40.09,40.299999,39.91,40.209999,39.341244,19227100,56.360001,56.790001,56.23,56.700001,54.645153,1621400
177,2023-04-24,162.570007,164.360001,162.330002,164.080002,162.28093,4728900,29.299999,29.49,28.93,29.18,29.18,934500,36.75,36.77,36.549999,36.650002,36.297089,2480600,385.23999,387.049988,381.630005,383.350006,382.355438,2059700,40.189999,40.200001,39.709999,39.91,39.047722,17633700,56.310001,56.740002,56.16,56.610001,54.558414,1043900
178,2023-04-25,164.809998,166.199997,164.490005,164.899994,163.091934,5506200,29.290001,30.75,29.190001,30.51,30.51,3020500,37.25,37.32,36.689999,36.91,36.554585,3995900,385.049988,390.480011,384.0,384.839996,383.841553,2648600,39.75,39.919998,39.279999,39.330002,38.480259,24492400,57.459999,57.610001,57.0,57.18,55.107758,1333300
179,2023-04-26,162.679993,163.259995,160.5,161.800003,160.02594,5192000,29.76,30.129999,28.24,28.379999,28.379999,2673600,36.900002,37.009998,35.720001,35.93,35.584023,3765700,381.119995,381.5,370.679993,376.269989,375.293793,3161200,39.16,39.189999,38.400002,38.630001,37.795383,22401400,57.779999,57.82,56.169998,56.220001,54.182549,2555000
180,2023-04-27,153.869995,153.869995,147.160004,148.869995,147.237701,17063000,28.370001,28.57,27.68,28.34,28.34,1710500,36.049999,36.130001,35.700001,36.009998,35.66325,2696200,391.26001,398.529999,380.769989,390.350006,389.33728,4981300,38.619999,38.830002,38.310001,38.740002,37.903004,22434000,55.77,56.259998,55.639999,56.09,54.057259,1791300
181,2023-04-28,147.970001,151.389999,147.440002,151.119995,149.463028,7123800,28.219999,28.85,27.76,28.549999,28.549999,1217700,35.919998,36.27,35.849998,36.029999,35.683056,2559900,398.0,404.309998,392.51001,395.859985,394.832947,5349000,38.700001,38.91,38.619999,38.889999,38.049763,21003600,54.799999,55.32,53.459999,53.650002,51.705688,2699900
182,2023-05-01,150.839996,154.710007,150.820007,153.710007,152.024643,5601000,28.610001,29.049999,28.469999,28.639999,28.639999,1188700,35.990002,36.380001,35.950001,36.200001,35.851421,2055100,397.26001,407.350006,392.26001,405.809998,404.757172,4091100,39.0,39.52,38.860001,39.209999,38.362846,23917800,53.91,53.959999,53.389999,53.439999,51.503296,1324400
183,2023-05-02,153.550003,155.020004,151.199997,151.619995,149.95755,5135600,28.5,28.809999,28.280001,28.51,28.51,1369100,36.200001,36.540001,36.150002,36.349998,35.999977,2631500,407.0,411.540009,399.26001,404.200012,403.151337,3884600,39.290001,40.119999,38.630001,39.060001,38.216091,38834100,53.380001,53.669998,53.0,53.349998,51.416557,1840700
184,2023-05-03,151.070007,151.509995,148.449997,149.25,147.613541,6815300,28.59,28.85,28.01,28.65,28.65,1319700,36.799999,37.220001,36.720001,36.84,36.48526,4806700,415.029999,434.200012,414.309998,431.190002,430.07132,10129800,39.200001,39.389999,38.360001,38.450001,37.61927,27721900,53.830002,54.459999,53.689999,54.220001,52.255032,1894900
185,2023-05-04,149.0,149.0,146.350006,147.360001,145.744263,5694300,28.530001,28.790001,28.309999,28.709999,28.709999,730700,36.959999,37.009998,36.669998,36.709999,36.35651,2735400,431.450012,432.700012,425.220001,428.440002,427.328461,4070700,38.169998,38.43,38.02,38.23,37.404022,23675100,54.59,54.790001,54.349998,54.73,52.746548,941700
186,2023-05-05,148.539993,149.380005,147.139999,148.029999,146.406906,4447700,28.84,29.49,28.83,29.450001,29.450001,1075700,36.48,37.049999,36.419998,36.98,36.623909,2511000,428.100006,431.269989,424.559998,427.809998,426.700073,2752900,38.380001,38.5,38.09,38.490002,37.658405,19221400,55.32,55.93,54.919998,55.77,53.748856,983400
187,2023-05-08,148.149994,148.199997,146.740005,147.449997,145.833267,3689500,29.459999,31.02,29.379999,30.91,30.91,2428000,37.07,37.18,36.740002,36.77,36.415932,2112000,426.200012,435.0,423.0,432.720001,431.597351,2478600,38.529999,38.73,38.349998,38.669998,37.834515,20101700,55.360001,55.400002,54.900002,54.93,52.939301,726000
188,2023-05-09,147.410004,148.460007,146.270004,146.830002,145.220078,4201600,30.969999,31.33,30.92,30.92,30.92,1202800,36.310001,36.59,36.27,36.450001,36.099014,2132900,431.769989,435.600006,428.049988,428.380005,427.268616,2601600,38.48,38.669998,38.389999,38.48,37.648621,15987900,55.07,55.27,54.959999,55.110001,53.112774,696700
189,2023-05-10,146.520004,146.979996,145.149994,146.419998,144.81456,4127300,30.969999,31.469999,30.950001,31.370001,31.370001,1168900,36.439999,36.580002,36.169998,36.529999,36.178242,2648500,426.059998,438.390015,426.059998,435.920013,434.789063,2766300,38.669998,38.720001,38.080002,38.299999,37.472507,15858200,54.119999,54.59,53.900002,54.57,52.592346,1819200
190,2023-05-11,147.289993,147.570007,145.190002,146.589996,144.982697,4300400,31.34,31.34,31.059999,31.18,31.18,1158800,36.209999,36.299999,35.970001,36.279999,35.930649,1435000,436.700012,436.850006,431.119995,435.549988,434.419983,2595900,37.599998,37.650002,37.209999,37.580002,37.165928,28566400,53.950001,54.389999,53.880001,54.380001,52.409233,1887000
191,2023-05-12,146.789993,147.600006,146.070007,147.149994,145.53656,3526200,31.32,31.35,31.0,31.16,31.16,1045600,36.860001,37.119999,36.450001,36.529999,36.178242,2048200,440.160004,445.540009,434.420013,434.429993,434.429993,3938400,37.610001,37.720001,37.23,37.349998,36.938457,16511600,54.049999,54.700001,53.700001,54.130001,52.168293,4378400
192,2023-05-15,147.669998,148.899994,145.660004,146.589996,144.982697,4391800,31.23,31.34,30.91,31.0,31.0,1089500,36.630001,36.849998,36.470001,36.779999,36.425835,2479300,435.369995,436.0,430.670013,434.51001,434.51001,2234800,37.299999,37.360001,37.009998,37.16,36.750553,16650400,54.290001,54.540001,53.880001,54.540001,52.563435,1763200
193,2023-05-16,145.860001,146.940002,143.229996,143.289993,141.718887,4685400,30.559999,31.129999,30.379999,31.02,31.02,1079800,36.450001,36.669998,36.450001,36.470001,36.118824,2117600,434.200012,438.480011,430.660004,436.649994,436.649994,2128800,37.02,37.240002,36.830002,37.009998,36.602203,25451700,54.240002,54.720001,54.099998,54.549999,52.573071,1377500
194,2023-05-17,143.020004,143.520004,140.520004,143.350006,141.778229,5482000,30.99,31.23,30.82,31.0,31.0,1219900,36.560001,36.57,35.91,36.139999,35.792,2407700,438.799988,438.950012,432.730011,437.470001,437.470001,2274200,36.98,37.049999,36.509998,36.75,36.34507,23206400,53.919998,53.939999,53.330002,53.689999,51.744236,1475500
195,2023-05-18,142.610001,143.559998,141.979996,143.440002,141.867249,4791200,30.75,30.93,29.98,30.18,30.18,1020000,35.580002,35.619999,35.080002,35.209999,35.209999,3261500,436.51001,439.519989,433.589996,437.890015,437.890015,2268100,36.709999,36.779999,36.169998,36.48,36.078045,27772400,53.919998,53.939999,53.41,53.860001,51.908077,1573600
196,2023-05-19,143.860001,145.800003,143.800003,145.110001,143.518936,5609900,30.32,30.68,30.32,30.48,30.48,853900,35.16,35.669998,35.16,35.610001,35.610001,2639800,439.0,447.51001,439.0,442.380005,442.380005,3442800,36.650002,37.650002,36.52,36.77,36.364849,33061400,54.619999,55.209999,54.610001,55.029999,53.035675,1613100
197,2023-05-22,145.470001,146.660004,143.779999,144.899994,143.311234,3867300,30.48,30.65,29.99,30.23,30.23,799200,35.41,35.66,35.290001,35.349998,35.349998,3494500,444.309998,454.950012,432.390015,433.98999,433.98999,4398000,36.860001,38.869999,36.75,38.75,38.323032,85718600,54.27,54.560001,53.810001,53.98,52.023727,926300
198,2023-05-23,144.449997,144.820007,142.339996,142.520004,140.957336,5121900,30.23,30.370001,29.76,29.780001,29.780001,773200,35.470001,35.639999,35.349998,35.419998,35.419998,1678100,432.920013,435.890015,421.51001,423.209991,423.209991,4492100,38.549999,40.139999,38.0,39.639999,39.203224,75379500,54.380001,54.66,54.200001,54.389999,52.418869,1193900
199,2023-05-24,142.589996,142.940002,140.940002,141.149994,139.602341,4143500,29.75,29.75,29.049999,29.35,29.35,940700,35.040001,35.060001,34.689999,34.689999,34.689999,2879300,424.0,428.959991,420.26001,425.769989,425.769989,3133000,40.099998,40.139999,38.599998,38.630001,38.204357,39326400,54.419998,54.48,53.950001,53.970001,52.014091,1189500
200,2023-05-25,140.029999,140.199997,138.259995,138.619995,137.100082,6986600,29.219999,29.66,29.1,29.379999,29.379999,936200,34.5,34.540001,33.93,34.110001,34.110001,3224300,426.380005,428.200012,419.799988,427.309998,427.309998,2882200,38.509998,38.509998,37.650002,37.830002,37.41317,30266600,53.32,53.32,52.169998,52.59,50.684101,1493800
201,2023-05-26,138.720001,139.850006,137.100006,137.559998,136.051712,7590300,29.389999,29.690001,29.23,29.32,29.32,603600,34.290001,34.529999,34.189999,34.240002,34.240002,2207700,424.899994,431.670013,423.670013,425.790009,425.790009,2338400,38.040001,38.439999,37.560001,37.599998,37.185703,20234600,52.889999,53.169998,52.48,52.509998,50.606998,1268700
202,2023-05-30,135.490005,136.839996,135.25,136.440002,134.944,7671500,29.110001,29.299999,28.559999,29.18,29.18,969600,34.299999,34.299999,33.77,33.860001,33.860001,4934900,423.790009,428.730011,422.059998,427.23999,427.23999,2595700,37.360001,37.360001,36.919998,37.009998,36.602203,24371100,51.040001,51.040001,50.349998,50.450001,50.450001,1199400
203,2023-05-31,136.619995,138.710007,135.770004,137.960007,136.447327,12579100,29.200001,29.639999,28.73,28.93,28.93,1411600,33.5,33.68,33.389999,33.599998,33.599998,3342200,427.0,430.559998,424.01001,429.459991,429.459991,3950900,37.099998,38.220001,36.869999,38.02,37.601078,46166300,50.66,51.060001,50.400002,51.02,51.02,1160400
204,2023-06-01,135.259995,135.259995,131.100006,133.440002,131.976883,11895600,29.030001,29.42,28.719999,29.280001,29.280001,755500,33.52,34.0,33.330002,33.799999,33.799999,2671300,430.269989,436.790009,428.130005,436.48999,436.48999,2914400,38.119999,38.209999,37.700001,38.02,37.601078,20256100,50.32,50.689999,50.189999,50.459999,50.459999,1252600
205,2023-06-02,133.710007,136.970001,133.5,136.869995,135.369278,6661200,29.4,29.57,28.93,29.51,29.51,991600,33.950001,34.259998,33.880001,34.110001,34.110001,1990800,439.959991,444.700012,436.779999,442.329987,442.329987,2498700,38.25,38.66,38.16,38.360001,37.937332,22721600,50.689999,51.029999,50.650002,51.009998,51.009998,666900
206,2023-06-05,137.0,138.309998,136.289993,136.860001,135.35939,4276200,29.290001,29.9,29.209999,29.459999,29.459999,723700,34.18,34.43,34.169998,34.279999,34.279999,1433800,443.0,447.799988,441.709991,444.26001,444.26001,2113800,38.48,39.02,38.470001,38.650002,38.224136,18392200,50.98,51.139999,50.810001,50.830002,50.830002,806300
207,2023-06-06,137.470001,137.539993,134.630005,135.429993,133.945053,4359900,30.0,30.42,29.780001,30.4,30.4,1401600,34.66,34.73,34.439999,34.619999,34.619999,2273200,447.829987,448.869995,440.019989,443.070007,443.070007,1495300,38.810001,38.860001,38.290001,38.369999,37.94722,19508200,51.48,51.619999,51.310001,51.490002,51.490002,1446600
208,2023-06-07,134.899994,137.059998,134.259995,136.5,135.003342,4645200,30.67,31.73,30.66,31.049999,31.049999,2318600,34.669998,34.700001,34.23,34.360001,34.360001,2232600,440.200012,446.690002,435.679993,436.369995,436.369995,2458300,38.349998,39.060001,38.130001,38.889999,38.461491,25295100,51.439999,51.439999,50.790001,50.880001,50.880001,724500
209,2023-06-08,137.0,137.889999,136.0,137.639999,136.130829,4714200,31.15,32.279999,31.030001,31.540001,31.540001,2227200,34.5,34.740002,34.369999,34.720001,34.720001,2523800,435.880005,447.470001,432.339996,445.660004,445.660004,2040300,39.040001,39.189999,38.73,39.09,38.659286,17347600,51.139999,51.619999,51.02,51.540001,51.540001,731800
210,2023-06-09,137.559998,139.190002,137.080002,138.179993,136.664902,4359500,31.35,31.540001,31.030001,31.129999,31.129999,915400,34.529999,34.82,34.43,34.759998,34.759998,1751200,449.299988,449.299988,442.600006,446.040009,446.040009,2082000,39.279999,39.59,38.869999,38.970001,38.540611,19775100,51.209999,51.34,51.099998,51.240002,51.240002,574900
211,2023-06-12,139.580002,139.669998,136.910004,137.729996,136.219849,4888500,31.280001,31.459999,30.969999,31.219999,31.219999,928500,34.57,34.700001,34.259998,34.389999,34.389999,2700300,446.149994,446.98999,438.679993,445.309998,445.309998,2566600,39.009998,40.07,38.990002,39.900002,39.460361,28334600,51.18,51.34,50.869999,51.009998,51.009998,641900
212,2023-06-13,137.509995,138.470001,137.199997,138.309998,136.793488,4229100,31.280001,31.780001,31.110001,31.48,31.48,1709700,34.380001,34.66,34.369999,34.639999,34.639999,3800400,443.670013,447.399994,442.25,445.720001,445.720001,1766300,39.669998,40.369999,39.450001,40.279999,39.836174,26533800,50.73,50.889999,50.43,50.52,50.52,873400
213,2023-06-14,138.809998,139.270004,136.080002,136.229996,134.736298,6128300,31.48,31.84,31.200001,31.76,31.76,956800,34.740002,34.77,34.439999,34.470001,34.470001,1954800,444.290009,448.779999,443.540009,447.720001,447.720001,2163300,40.32,40.34,39.32,39.360001,38.926311,22056400,51.029999,51.049999,50.52,50.720001,50.720001,868400
214,2023-06-15,136.75,136.839996,135.460007,135.889999,134.400024,6614900,31.780001,32.099998,31.65,31.93,31.93,994200,34.919998,35.32,34.889999,35.27,35.27,3320800,448.0,456.579987,447.690002,453.929993,453.929993,2287100,39.41,39.830002,39.279999,39.75,39.312016,19905900,51.360001,51.790001,51.139999,51.790001,51.790001,1650800
215,2023-06-16,136.699997,138.919998,136.490005,138.639999,137.119873,14615000,32.330002,32.41,31.860001,32.189999,32.189999,1686200,35.27,35.48,34.720001,35.150002,35.150002,5945400,455.799988,456.980011,447.5,447.709991,447.709991,4295100,39.860001,40.360001,39.849998,40.060001,39.618599,60325100,52.540001,52.73,52.040001,52.040001,52.040001,1142200
216,2023-06-20,137.100006,138.949997,136.660004,137.820007,136.308868,4868800,32.34,32.490002,31.85,32.43,32.43,1003000,34.799999,34.91,34.610001,34.619999,34.619999,2696200,445.859985,454.880005,445.109985,451.950012,451.950012,2506300,39.709999,39.869999,39.330002,39.34,38.906532,26881200,53.48,53.48,53.099998,53.099998,53.099998,1709700
217,2023-06-21,136.75,137.429993,134.679993,136.860001,135.35939,5828400,32.5,33.299999,32.27,32.93,32.93,1604800,34.810001,35.189999,34.560001,35.150002,35.150002,7023200,454.5,455.339996,450.209991,453.0,453.0,2347500,39.200001,39.240002,38.759998,38.900002,38.471382,17982900,53.43,53.689999,53.169998,53.639999,53.639999,1422000
218,2023-06-22,137.149994,137.899994,135.889999,137.410004,135.903366,4826900,32.860001,33.639999,32.82,33.630001,33.630001,1987200,34.669998,34.849998,34.560001,34.68,34.68,4840500,455.0,462.26001,453.820007,457.679993,457.679993,2912500,38.939999,38.990002,38.41,38.73,38.303253,18039800,53.619999,53.669998,53.279999,53.299999,53.299999,1260900
219,2023-06-23,137.300003,138.690002,135.669998,135.919998,134.429688,7394900,33.48,33.669998,32.860001,33.34,33.34,2584300,36.0,36.57,35.740002,36.380001,36.380001,7620300,457.0,460.01001,452.320007,458.839996,458.839996,4832100,38.709999,38.869999,38.279999,38.299999,37.877991,23492200,53.630001,53.77,53.220001,53.299999,53.299999,2293900
220,2023-06-26,136.149994,136.149994,133.690002,134.949997,133.470322,6468100,33.709999,33.709999,32.490002,32.66,32.66,1412700,36.389999,36.450001,35.98,36.27,36.27,3735500,465.26001,465.26001,448.920013,452.76001,452.76001,3214700,37.02,37.049999,36.16,36.889999,36.483528,56135500,53.66,53.66,53.0,53.48,53.48,934400
221,2023-06-27,134.880005,134.880005,132.520004,132.600006,131.146103,7839900,32.700001,33.099998,32.560001,33.0,33.0,1401800,35.939999,36.139999,35.669998,35.759998,35.759998,4939000,462.5,467.980011,451.700012,464.5,464.5,4138700,36.959999,37.0,36.279999,36.419998,36.018703,32414900,53.540001,53.720001,53.439999,53.669998,53.669998,1031500
222,2023-06-28,132.600006,133.169998,130.960007,132.509995,131.057083,6911900,33.040001,33.200001,32.450001,32.66,32.66,1578800,35.619999,35.66,35.349998,35.529999,35.529999,3887300,468.51001,468.529999,457.320007,458.700012,458.700012,2854700,36.5,36.540001,36.029999,36.290001,35.890141,30062000,53.98,54.119999,53.720001,53.740002,53.740002,1397000
223,2023-06-29,132.369995,133.910004,132.130005,133.229996,131.76918,4947600,32.540001,32.889999,30.98,31.33,31.33,2721400,35.099998,35.509998,35.029999,35.419998,35.419998,4049900,459.059998,465.829987,457.51001,464.48999,464.48999,2112400,35.990002,36.220001,35.759998,36.119999,35.722012,26284900,53.0,53.290001,52.889999,52.990002,52.990002,1107600
224,2023-06-30,133.470001,135.929993,132.800003,134.729996,133.252731,8710500,31.5,31.549999,31.110001,31.299999,31.299999,1505600,35.25,35.669998,35.25,35.639999,35.639999,4970000,464.649994,469.869995,464.0,468.980011,468.980011,3172300,36.209999,36.75,36.139999,36.68,36.275841,30853900,53.419998,53.91,53.41,53.900002,53.900002,1835200
225,2023-07-03,134.0,135.429993,133.149994,135.009995,133.529663,2674600,31.23,31.23,30.450001,30.49,30.49,732900,35.599998,35.610001,35.290001,35.290001,35.290001,2389300,466.26001,466.26001,457.369995,461.420013,461.420013,2113200,36.5,36.740002,36.349998,36.650002,36.246174,14115800,54.169998,54.18,53.509998,53.630001,53.630001,979500
226,2023-07-05,135.179993,137.880005,134.639999,137.619995,136.111053,6903300,30.469999,30.48,30.059999,30.09,30.09,1377900,35.029999,35.07,34.709999,34.73,34.73,3310900,462.100006,467.25,460.0,465.700012,465.700012,2130200,36.580002,37.02,36.389999,36.459999,36.058266,26829400,53.259998,53.290001,52.950001,52.990002,52.990002,940000
227,2023-07-06,137.479996,138.279999,136.440002,137.25,135.745117,6091000,30.01,30.530001,29.709999,30.049999,30.049999,1220600,34.490002,34.490002,34.02,34.09,34.09,3185600,463.119995,467.600006,461.619995,463.209991,463.209991,2191700,36.200001,36.27,35.619999,35.630001,35.237411,30177300,52.09,52.139999,51.48,51.860001,51.860001,1286000
228,2023-07-07,137.149994,137.649994,135.350006,135.5,134.014297,6872700,30.08,30.08,29.34,29.879999,29.879999,1215100,34.02,34.080002,33.709999,33.810001,33.810001,3369900,462.329987,463.609985,451.23999,452.079987,452.079987,2914000,35.52,35.77,35.349998,35.529999,35.138512,22883300,51.82,51.869999,51.290001,51.299999,51.299999,1043800
229,2023-07-10,135.410004,136.089996,134.059998,134.490005,133.015381,5153300,29.780001,30.030001,29.52,29.639999,29.639999,1691900,33.779999,33.98,33.700001,33.849998,33.849998,2911100,452.959991,454.670013,449.709991,453.160004,453.160004,2011400,35.57,36.009998,35.540001,35.68,35.286861,17777500,51.990002,52.049999,51.66,51.830002,51.830002,953000
230,2023-07-11,134.0,135.759995,133.679993,135.570007,134.083542,5144800,29.799999,30.34,29.709999,30.24,30.24,1133300,33.91,34.150002,33.900002,34.119999,34.119999,2587900,450.0,450.559998,437.609985,439.390015,439.390015,3573100,35.639999,36.040001,35.619999,36.02,35.623112,17731300,51.830002,51.98,51.639999,51.720001,51.720001,853900
231,2023-07-12,135.820007,136.600006,134.789993,134.979996,133.5,4944100,30.440001,30.469999,29.879999,29.959999,29.959999,839700,34.349998,34.759998,34.349998,34.5,34.5,3051300,438.470001,444.299988,435.01001,440.600006,440.600006,3107800,36.200001,36.25,35.919998,35.990002,35.593445,17229700,51.450001,52.099998,51.419998,51.830002,51.830002,946900
232,2023-07-13,132.929993,134.100006,132.699997,133.589996,133.589996,4631800,29.99,30.23,29.879999,30.01,30.01,994500,35.060001,35.119999,34.799999,34.799999,34.799999,2849000,440.230011,442.23999,434.339996,434.700012,434.700012,2865100,36.009998,36.360001,35.919998,36.060001,35.662674,16664400,52.610001,52.610001,51.919998,52.119999,52.119999,867700
233,2023-07-14,134.729996,136.619995,134.119995,136.009995,136.009995,5543400,30.07,30.530001,29.799999,30.440001,30.440001,1363600,34.810001,34.880001,34.509998,34.529999,34.529999,2875100,441.100006,450.450012,440.869995,449.459991,449.459991,2954500,36.299999,36.490002,36.009998,36.32,35.919807,17909900,52.790001,52.84,52.529999,52.68,52.68,659400
234,2023-07-17,135.820007,136.229996,134.559998,134.830002,134.830002,4033000,30.440001,31.01,30.440001,30.58,30.58,1861700,34.529999,34.599998,34.439999,34.509998,34.509998,2404600,449.450012,450.619995,443.26001,447.140015,447.140015,2347900,36.119999,36.119999,35.779999,35.860001,35.464878,20557300,52.900002,53.009998,52.700001,52.889999,52.889999,1214800
235,2023-07-18,134.800003,137.899994,134.710007,136.580002,136.580002,5392800,30.709999,31.49,30.59,31.48,31.48,1163200,34.669998,35.0,34.599998,34.799999,34.799999,2806900,446.950012,453.320007,445.040009,451.200012,451.200012,2237900,35.919998,36.48,35.880001,36.240002,35.840691,22817300,53.459999,54.060001,53.43,53.73,53.73,1120100
236,2023-07-19,137.240005,138.059998,136.949997,137.679993,137.679993,4784200,31.6,32.57,31.5,31.73,31.73,1483700,35.169998,35.34,35.119999,35.189999,35.189999,2490200,451.399994,455.0,448.559998,453.559998,453.559998,2212800,36.34,36.700001,36.209999,36.439999,36.038483,18589700,53.77,54.07,53.610001,53.77,53.77,784600
237,2023-07-20,138.839996,142.720001,138.550003,142.190002,142.190002,7009800,31.98,32.080002,31.65,31.969999,31.969999,1045000,35.610001,35.759998,35.580002,35.700001,35.700001,2862900,455.149994,465.220001,455.0,463.820007,463.820007,2624200,36.400002,37.07,36.360001,36.77,36.364849,22358400,54.57,54.950001,54.560001,54.720001,54.720001,1103100
238,2023-07-21,142.199997,144.179993,141.940002,143.740005,143.740005,5654300,32.16,32.259998,31.82,31.92,31.92,993600,35.529999,35.810001,35.470001,35.75,35.75,3220400,465.410004,467.040009,461.970001,462.040009,462.040009,2226700,36.799999,37.43,36.799999,37.400002,36.987907,24142000,54.919998,54.970001,54.630001,54.950001,54.950001,1557200
239,2023-07-24,143.100006,144.429993,142.839996,143.179993,143.179993,4468700,32.02,32.18,31.620001,31.790001,31.790001,1203700,35.560001,35.860001,35.529999,35.73,35.73,3149600,462.0,465.640015,457.670013,459.320007,459.320007,2190700,37.41,37.799999,37.369999,37.509998,37.096695,19414700,54.310001,54.470001,53.91,53.919998,53.919998,1039300
240,2023-07-25,142.399994,142.929993,141.320007,141.630005,141.630005,4778200,31.77,31.77,30.83,30.84,30.84,1708800,35.560001,35.849998,35.549999,35.700001,35.700001,3574700,457.76001,460.920013,456.600006,457.540009,457.540009,1737800,37.400002,37.720001,37.049999,37.060001,36.651657,21771000,53.73,54.029999,53.700001,53.77,53.77,1208400
241,2023-07-26,141.429993,142.279999,140.520004,141.899994,141.899994,5006800,30.120001,30.41,29.23,30.049999,30.049999,2724500,35.75,35.98,35.48,35.869999,35.869999,4243100,455.0,455.0,446.559998,453.589996,453.589996,1959800,36.869999,37.349998,36.759998,37.209999,36.799999,20983700,53.09,53.639999,52.790001,53.509998,53.509998,1589000
242,2023-07-27,144.479996,151.369995,144.479996,148.850006,148.850006,13664400,30.219999,30.620001,29.959999,30.280001,30.280001,2395500,36.240002,36.380001,35.860001,35.869999,35.869999,2957000,453.320007,458.679993,452.25,454.98999,454.98999,1883500,36.849998,37.009998,36.18,36.200001,36.200001,25346300,53.59,53.919998,53.509998,53.540001,53.540001,1392100
243,2023-07-28,149.919998,151.759995,148.559998,150.850006,150.850006,8000300,30.209999,30.209999,28.389999,28.76,28.76,2694800,35.720001,35.77,35.400002,35.439999,35.439999,2865900,455.130005,459.570007,451.779999,458.480011,458.480011,1437600,36.349998,36.450001,36.02,36.07,36.07,24054100,51.869999,52.610001,51.709999,52.48,52.48,3204600
244,2023-07-31,150.429993,150.5,147.619995,149.580002,149.580002,9109200,28.82,29.309999,28.780001,29.280001,29.280001,2185200,35.540001,35.639999,35.400002,35.57,35.57,2401700,459.019989,459.019989,450.799988,454.549988,454.549988,2110200,36.18,36.189999,35.919998,36.060001,36.060001,40265200,53.68,53.759998,53.220001,53.369999,53.369999,1335000
245,2023-08-01,150.0,150.869995,147.839996,148.539993,148.539993,4409600,29.190001,29.379999,28.450001,28.540001,28.540001,2421200,35.23,35.330002,34.880001,34.93,34.93,2612800,455.350006,457.369995,451.450012,453.089996,453.089996,1738200,35.880001,36.919998,35.369999,35.610001,35.610001,40931600,53.560001,53.619999,52.799999,53.060001,53.060001,987000
246,2023-08-02,148.110001,150.570007,148.110001,149.380005,149.380005,5756400,28.530001,28.74,27.91,27.950001,27.950001,2791300,34.650002,34.869999,34.59,34.630001,34.630001,2174000,455.230011,461.640015,451.320007,454.480011,454.480011,2366600,35.630001,35.889999,35.279999,35.349998,35.349998,34301600,52.07,52.299999,51.48,51.490002,51.490002,1256300
247,2023-08-03,148.960007,149.360001,148.179993,149.050003,149.050003,4674300,27.84,27.950001,27.459999,27.629999,27.629999,2395300,34.0,34.310001,33.970001,34.169998,34.169998,2554500,450.779999,454.100006,448.26001,449.160004,449.160004,2414100,35.18,35.279999,34.919998,35.0,35.0,25676500,50.200001,50.950001,49.970001,50.950001,50.950001,1917700
248,2023-08-04,148.970001,150.570007,147.160004,147.729996,147.729996,4231200,27.58,27.940001,27.469999,27.6,27.6,1452000,34.040001,34.509998,34.040001,34.380001,34.380001,3802000,449.23999,452.470001,446.890015,449.48999,449.48999,1869800,34.950001,35.34,34.66,35.02,35.02,25737500,51.369999,51.91,51.349998,51.650002,51.650002,1417200
249,2023-08-07,148.0,150.880005,147.800003,150.330002,150.330002,3800600,27.709999,28.25,27.6,28.07,28.07,1435500,34.5,34.639999,34.439999,34.639999,34.639999,1985300,453.25,455.0,450.579987,454.079987,454.079987,2446400,35.009998,35.849998,34.900002,35.68,35.68,31069100,51.549999,52.07,51.5,52.040001,52.040001,1615100
250,2023-08-08,150.779999,151.75,148.919998,149.619995,149.619995,4011915,28.059999,28.455,28.004999,28.18,28.18,1848077,34.66,35.009998,34.59,34.98,34.98,2276067,506.0,538.0,502.709991,521.599976,521.599976,15031837,36.369999,36.369999,35.389999,35.639999,35.639999,25193340,52.209999,52.66,52.119999,52.66,52.66,1626393
